y_test;y_pred_proba
0;0,4214815
0;0,11611831
1;0,7152216
1;0,6803975
1;0,4494604
0;0,08682612
0;0,4541729
0;0,26399365
1;0,41314998
0;0,2991197
1;0,7177462
1;0,5294286
0;0,8596145
1;0,6420472
0;0,12979455
0;0,500901
0;0,12839337
0;0,11611831
0;0,29426298
1;0,5079807
0;0,50035197
1;0,5109857
0;0,32292575
0;0,16984881
0;0,45211476
1;0,86815065
1;0,7256638
1;0,52049303
0;0,80361015
0;0,6684055
0;0,20323707
0;0,59562284
0;0,5231142
0;0,2096555
1;0,8349501
0;0,3901331
0;0,3409545
1;0,65383786
0;0,14825855
0;0,37858498
1;0,7018864
0;0,80522215
0;0,13971515
1;0,28605777
1;0,6380324
1;0,92244226
0;0,74749315
0;0,20323707
1;0,6172923
1;0,7862326
0;0,47392547
0;0,15438068
0;0,81787544
0;0,571378
0;0,5079807
1;0,5976508
0;0,11866782
0;0,5543504
0;0,11611831
0;0,64756614
0;0,5197886
0;0,37352502
0;0,3901331
0;0,49038512
0;0,39443046
0;0,6785319
1;0,78505456
1;0,4465902
0;0,116664566
0;0,28039527
0;0,5648973
0;0,6825104
0;0,6902629
0;0,38487124
0;0,4772317
0;0,28688875
1;0,62729657
0;0,12839337
0;0,20772505
0;0,58160865
1;0,4707674
0;0,22710076
1;0,5171057
1;0,9503145
1;0,31540465
1;0,53298604
0;0,4661976
1;0,49252853
0;0,58799726
0;0,23509428
1;0,45011607
0;0,19228831
0;0,14864169
0;0,43037784
0;0,20904706
1;0,7076371
1;0,8319529
1;0,19727252
0;0,3901331
0;0,49174654
0;0,11611831
0;0,5486294
0;0,117265776
0;0,117265776
1;0,58076864
0;0,32930043
1;0,9126128
1;0,7211574
1;0,19244607
1;0,6660207
1;0,56304455
1;0,9565615
1;0,7988729
0;0,54196376
0;0,13971515
0;0,28361452
0;0,21962367
0;0,2936691
1;0,4541729
0;0,5121376
1;0,5178831
0;0,44635436
1;0,88064975
0;0,44335443
0;0,3436247
1;0,51365405
0;0,19763032
1;0,3944632
1;0,85630924
1;0,59522957
0;0,30988172
0;0,5599158
1;0,53314555
0;0,1698626
1;0,500901
0;0,43576515
1;0,6924476
0;0,44346687
0;0,69814855
1;0,14864169
0;0,53057384
1;0,8181934
0;0,43805182
0;0,61939394
0;0,53506047
0;0,18950132
0;0,49461913
1;0,6661562
1;0,4508987
1;0,5189591
0;0,2182948
0;0,14864169
1;0,90123624
0;0,4646721
0;0,14864169
1;0,3351594
1;0,6811254
1;0,69708
1;0,4238208
0;0,71363544
1;0,4987951
0;0,6768498
0;0,3350891
0;0,10957061
0;0,3030623
0;0,19228831
0;0,66171056
1;0,89847785
1;0,75027514
0;0,15438068
1;0,5503482
0;0,66351575
0;0,24036743
0;0,50204563
0;0,5806239
0;0,5698778
1;0,52453816
0;0,7252034
1;0,58612585
0;0,58852637
1;0,38336733
0;0,44751605
1;0,78683996
0;0,39498934
0;0,5171057
1;0,96408623
1;0,22756109
1;0,760107
0;0,6274592
1;0,37380883
0;0,5145088
0;0,44009838
1;0,7210315
0;0,68413144
1;0,45275903
0;0,29483855
1;0,6441205
1;0,94246536
0;0,54148024
0;0,6182231
0;0,11611831
0;0,57673115
0;0,19228831
0;0,11611831
0;0,11350967
0;0,5753708
0;0,5926545
0;0,12839337
0;0,28945857
0;0,49252853
0;0,70704055
0;0,43884757
1;0,13971515
1;0,38282555
0;0,14864169
1;0,5058106
0;0,41051212
0;0,49252853
1;0,6827244
0;0,53947484
0;0,75941175
0;0,5171057
0;0,43510345
1;0,955964
0;0,38556024
1;0,756797
0;0,38786113
1;0,7245843
0;0,11350967
0;0,31447297
0;0,45217946
0;0,55037373
0;0,3948713
0;0,29316482
0;0,15340893
0;0,74212044
0;0,55782735
0;0,13971515
0;0,3901331
0;0,6146545
0;0,5510809
1;0,56425846
0;0,66131616
1;0,33207878
0;0,5661078
1;0,6763866
0;0,32014713
0;0,5927419
0;0,45151612
0;0,4499661
0;0,19763032
1;0,7189525
0;0,53422123
0;0,45424303
0;0,57857865
1;0,4724089
0;0,6320921
1;0,53866327
0;0,3814598
0;0,29335096
0;0,53050464
0;0,21962367
0;0,45424303
0;0,7650816
1;0,7546465
1;0,9577271
0;0,45424303
0;0,16984881
0;0,18950132
0;0,19228831
0;0,20323707
0;0,47953296
0;0,44751605
1;0,52433974
1;0,6166181
0;0,13971515
0;0,11611831
0;0,7652907
0;0,13439763
0;0,3288865
1;0,96639645
0;0,3901331
0;0,3901331
0;0,28950208
0;0,19228831
0;0,11611831
0;0,503696
0;0,4772317
1;0,4724272
1;0,3960373
0;0,44677672
0;0,11611831
0;0,11350967
1;0,5996295
1;0,47266787
0;0,13927342
0;0,10957061
1;0,638963
0;0,4587134
0;0,7178797
0;0,49154386
0;0,23893549
1;0,11350967
1;0,4508987
0;0,324081
0;0,4053132
0;0,72112554
0;0,3901331
0;0,16984881
0;0,8812012
1;0,7234345
0;0,11611831
0;0,41160497
1;0,30277205
0;0,116664566
0;0,37574804
0;0,59065
0;0,15438068
0;0,11611831
0;0,116664566
1;0,943439
1;0,38799253
1;0,646862
1;0,6211517
1;0,2942334
0;0,51792204
0;0,71876913
1;0,60386425
1;0,44739988
0;0,11350967
1;0,83159834
1;0,9412637
1;0,8523223
0;0,50345266
1;0,53422123
0;0,77350575
1;0,6700014
1;0,5474572
1;0,6736386
0;0,5121376
0;0,6181332
0;0,12839337
0;0,61999124
0;0,20323707
1;0,8722773
0;0,53920287
1;0,5342013
0;0,2447894
0;0,39883822
0;0,3948713
1;0,63343245
1;0,6472291
0;0,72238564
0;0,7363918
0;0,42437214
0;0,60142756
0;0,47953296
0;0,42358556
1;0,5178212
0;0,3409545
1;0,5516704
1;0,6004126
0;0,59932876
1;0,6412603
0;0,6329176
0;0,33166468
1;0,685245
0;0,17358714
1;0,75001293
1;0,3495783
0;0,5617802
1;0,79111624
1;0,78511226
0;0,3409545
0;0,3901331
0;0,11611831
0;0,2750031
0;0,21003617
0;0,11611831
1;0,59755987
0;0,24756444
0;0,31447297
0;0,2767181
1;0,7656309
0;0,12839337
1;0,8237002
0;0,59904593
0;0,51099503
0;0,117265776
0;0,5331541
1;0,13971515
0;0,64176345
0;0,11567296
0;0,11611831
0;0,3093535
0;0,6308803
1;0,39106482
0;0,11611831
1;0,6754091
1;0,4772317
0;0,15340893
0;0,5108356
0;0,59772295
1;0,48851752
0;0,7933527
0;0,48012063
0;0,19244607
0;0,4772317
0;0,14864169
0;0,15438068
1;0,9425898
0;0,2609732
0;0,14864169
1;0,780683
0;0,677901
0;0,112660006
0;0,116664566
1;0,42824227
0;0,41231078
1;0,54468715
0;0,11866782
1;0,5931287
0;0,31499034
0;0,3211078
0;0,45217946
0;0,46843114
0;0,19228831
1;0,7083123
0;0,13458191
1;0,50246274
0;0,4683199
0;0,3061684
0;0,53782505
0;0,14864169
1;0,72786
0;0,1698626
0;0,14737062
0;0,15438068
0;0,43359268
0;0,12839337
0;0,78714806
1;0,58842534
1;0,81449074
1;0,35833588
0;0,61783177
0;0,56369835
0;0,49270073
0;0,72133017
1;0,19763032
0;0,38712946
1;0,53955853
0;0,3568447
0;0,5079807
0;0,37380883
0;0,37783745
0;0,60514367
0;0,49270073
0;0,21386454
0;0,5074026
1;0,9762431
0;0,19227758
1;0,62681466
0;0,6166474
0;0,41073433
0;0,4112924
1;0,9703719
0;0,31077683
1;0,5332101
1;0,65009916
0;0,20323707
0;0,3288865
0;0,697276
0;0,3288865
1;0,30622983
1;0,7471441
1;0,8172413
1;0,5671687
0;0,11611831
1;0,11611831
0;0,6102447
0;0,77255565
0;0,6043459
1;0,39179695
0;0,21386454
1;0,98006046
0;0,22627714
0;0,45217946
0;0,3350891
1;0,67017704
0;0,33733273
0;0,116664566
0;0,54555297
0;0,22671342
1;0,56648755
0;0,32977405
0;0,6551805
0;0,7306391
0;0,53422123
0;0,15340893
0;0,15905036
0;0,13971515
0;0,35833588
1;0,6176156
1;0,42820543
1;0,96844524
0;0,12839337
1;0,52749157
1;0,52960825
0;0,13971515
0;0,11611831
0;0,40482262
0;0,53579485
0;0,54651195
0;0,6472291
1;0,60999864
1;0,83448637
0;0,15438068
0;0,15340893
0;0,32277644
0;0,77495134
0;0,66832656
0;0,48644394
1;0,46766135
0;0,19244607
0;0,15438068
0;0,6088426
1;0,9617094
0;0,6074024
1;0,4314699
0;0,47324422
0;0,08588813
1;0,58852637
0;0,16255209
1;0,59503525
1;0,21386454
0;0,53536016
1;0,15438068
1;0,6842768
1;0,4799222
0;0,2487137
1;0,71043044
0;0,16953562
1;0,4200351
0;0,20440154
0;0,50823337
0;0,19763032
0;0,8363359
0;0,46223575
0;0,11350967
1;0,4772317
0;0,8036055
1;0,69425327
0;0,37886348
0;0,13439763
0;0,19228831
0;0,39179695
0;0,5335174
0;0,3288865
0;0,6763613
1;0,67471737
1;0,7093524
0;0,15438068
0;0,3901331
1;0,50318944
0;0,21386454
0;0,11611831
0;0,44167253
0;0,44739988
1;0,3350891
1;0,6764598
0;0,64066976
1;0,500901
0;0,7086202
0;0,49639612
0;0,13971515
0;0,47726467
0;0,5648973
0;0,67275697
0;0,3288865
0;0,6474981
0;0,16984881
0;0,56144905
1;0,44975302
0;0,50035197
1;0,7836929
0;0,14864169
0;0,5645921
0;0,43652195
0;0,15184076
0;0,33051717
1;0,39231676
0;0,3901331
0;0,5541427
0;0,2979893
1;0,7103258
0;0,19228831
0;0,11611831
0;0,7211374
0;0,53853536
0;0,70802087
1;0,4408699
0;0,54468715
0;0,4780181
0;0,39426786
0;0,44842204
1;0,70077264
1;0,74913895
0;0,116664566
0;0,15438068
0;0,13711134
0;0,31447297
0;0,36948863
0;0,20323707
1;0,62761325
1;0,9049531
1;0,4665229
0;0,66267973
0;0,53947484
0;0,3976307
0;0,63956034
0;0,5189591
1;0,117960766
0;0,13927342
1;0,53332776
0;0,08588813
1;0,58171165
0;0,11611831
0;0,4147082
0;0,4450872
0;0,5235899
0;0,14737062
1;0,80014133
0;0,41238886
1;0,973937
1;0,9379755
0;0,08588813
0;0,45744878
0;0,40563467
0;0,18950132
1;0,61483395
0;0,33235428
1;0,7816021
0;0,6838091
0;0,5331541
0;0,112660006
0;0,53332776
1;0,8289369
0;0,4119158
0;0,6406774
0;0,57248616
0;0,11611831
0;0,13971515
0;0,19763032
0;0,38799253
1;0,65394413
1;0,41314998
1;0,9532493
0;0,54050225
0;0,116664566
1;0,72133017
0;0,2923746
0;0,52517223
0;0,552412
0;0,5057847
0;0,7705064
1;0,696446
1;0,6352536
0;0,19244607
0;0,28386647
0;0,2832815
0;0,8064445
0;0,7607782
0;0,42519906
0;0,6512502
0;0,11611831
0;0,19228831
1;0,72638047
0;0,29312232
1;0,12839337
0;0,65304923
0;0,3288865
0;0,804354
0;0,37380883
0;0,612496
0;0,5648973
0;0,8330137
0;0,5481585
0;0,4980513
0;0,11611831
1;0,6980813
0;0,6569252
1;0,56697845
0;0,20323707
0;0,71370745
1;0,8093754
1;0,4752322
1;0,11611831
0;0,643598
1;0,87245196
0;0,11611831
0;0,19228831
0;0,13711134
0;0,22614363
0;0,5119759
1;0,49252853
0;0,11350967
0;0,31889722
0;0,5553367
0;0,5079807
0;0,18950132
1;0,16984881
0;0,5332101
0;0,2896022
0;0,6404904
1;0,78353816
0;0,15438068
0;0,6527885
1;0,46013066
0;0,5253955
1;0,8046116
0;0,116664566
1;0,5352848
1;0,69631016
0;0,5728583
0;0,6482797
0;0,50338256
0;0,8906766
1;0,51610804
0;0,28702345
0;0,14864169
0;0,19228831
1;0,7764091
0;0,20323707
0;0,15398146
1;0,39179695
0;0,15438068
1;0,62761325
1;0,5648973
0;0,42510673
0;0,12839337
0;0,61440176
0;0,5134637
0;0,5702163
1;0,5976897
0;0,6169064
0;0,18950132
0;0,5673943
0;0,45308697
0;0,49252853
0;0,117265776
0;0,5551649
0;0,11611831
0;0,117265776
0;0,44879535
0;0,60999864
1;0,6320921
1;0,64681834
1;0,6203783
0;0,56297743
1;0,5950913
1;0,858561
1;0,45011607
0;0,6436847
0;0,5633036
0;0,5415036
1;0,94093955
1;0,35092416
1;0,72272044
1;0,3948713
0;0,21003617
0;0,5112247
0;0,19763032
1;0,8580683
1;0,79202217
0;0,3165802
0;0,12306303
0;0,8726682
0;0,43904877
0;0,63709897
1;0,9498167
1;0,6550517
1;0,8132145
0;0,45116863
0;0,08402705
0;0,78071475
0;0,29707858
0;0,52680933
0;0,12839337
1;0,81299746
1;0,31097737
1;0,35857204
0;0,23753084
0;0,11611831
0;0,5462364
0;0,13711134
0;0,11611831
0;0,13711134
0;0,15438068
1;0,5736513
0;0,44975302
1;0,8796515
1;0,9454599
0;0,61790097
0;0,53409445
1;0,8239445
0;0,6803167
1;0,63500845
0;0,10957061
0;0,36756778
0;0,32218453
0;0,56107485
0;0,6394612
1;0,14864169
0;0,39179695
1;0,6889285
0;0,112660006
0;0,11611831
1;0,7910575
0;0,45769003
1;0,54749167
1;0,13971515
0;0,41025513
0;0,7852844
0;0,15438068
0;0,4508987
1;0,9735702
1;0,18950132
0;0,12839337
0;0,41160497
0;0,19763032
0;0,39588133
1;0,6314534
0;0,19763032
0;0,26480392
0;0,49252853
1;0,6825899
0;0,66190106
0;0,25565305
0;0,54329175
0;0,7228043
1;0,7127017
0;0,28504103
0;0,773805
1;0,95944357
0;0,6027777
0;0,11567296
0;0,6467663
1;0,71582603
1;0,5844843
1;0,20323707
1;0,9592897
1;0,5820401
0;0,5836342
1;0,4959103
1;0,19228831
1;0,29335648
0;0,14864169
1;0,73485243
0;0,6948992
0;0,08588813
0;0,45275903
1;0,22199692
0;0,4775839
0;0,53985053
1;0,9731482
1;0,59796244
1;0,11611831
1;0,29606196
0;0,08970006
0;0,15438068
0;0,54539204
0;0,5624018
0;0,49238524
0;0,11611831
1;0,60862935
0;0,52295417
0;0,500901
0;0,116664566
1;0,6396849
0;0,11611831
0;0,584964
0;0,14737062
0;0,4972791
1;0,9763133
0;0,45011607
0;0,6267551
0;0,34959328
1;0,7399089
0;0,41475528
0;0,4484637
0;0,4797212
1;0,9421696
0;0,3200248
0;0,743895
0;0,44741425
1;0,113073036
0;0,11350967
1;0,7944719
1;0,5335174
0;0,43298128
1;0,5171057
1;0,96510035
0;0,12720288
1;0,69631016
0;0,7473383
0;0,44975302
0;0,59174526
0;0,4632199
0;0,47467417
1;0,9562551
0;0,20323707
1;0,45769003
0;0,6630748
0;0,39179695
1;0,15340893
1;0,6313679
0;0,19727252
1;0,9561605
1;0,45223
0;0,15438068
1;0,76791316
1;0,7856791
1;0,6948907
1;0,21962367
1;0,7925973
0;0,5465585
0;0,4772317
0;0,44739988
1;0,5356764
0;0,5535066
0;0,5178831
0;0,16827203
0;0,15340893
0;0,21962367
1;0,9590821
0;0,20323707
0;0,4780181
1;0,293258
0;0,20323707
0;0,65612787
0;0,14864169
0;0,117265776
0;0,4214815
0;0,44751605
0;0,11611831
1;0,9494893
0;0,116664566
0;0,52227354
0;0,28904063
0;0,5108356
1;0,23594525
0;0,6742971
0;0,11611831
1;0,72644806
0;0,7751837
1;0,54148024
0;0,14864169
1;0,6789069
0;0,11611831
0;0,20323707
0;0,61622417
0;0,40276778
0;0,16984881
0;0,58369195
0;0,5331541
0;0,29505652
1;0,15340893
0;0,11611831
1;0,6424593
1;0,5846526
1;0,97011125
0;0,12839337
0;0,13971515
1;0,896389
0;0,30479118
1;0,60620284
0;0,6169064
0;0,5362586
0;0,63592786
0;0,60910857
0;0,6767058
1;0,60882026
0;0,5108356
0;0,35984573
1;0,96688205
0;0,36149552
0;0,14864169
1;0,77824444
1;0,68628997
0;0,51598424
0;0,12839337
0;0,60805017
0;0,69718856
0;0,21386454
0;0,14864169
1;0,9825727
1;0,61661774
0;0,40066662
0;0,6113722
0;0,52984065
1;0,38799253
0;0,3119024
1;0,73850656
0;0,67932034
0;0,466875
0;0,513996
1;0,8307243
1;0,60753
1;0,6332836
1;0,9411995
0;0,53052205
1;0,45217946
0;0,6960799
0;0,15438068
0;0,12839337
0;0,12839337
1;0,6589033
0;0,76908314
1;0,44856805
0;0,43576515
1;0,51546645
0;0,51365405
0;0,19244607
1;0,11611831
0;0,47392547
1;0,69503784
0;0,2979893
0;0,20440154
0;0,48282254
1;0,8664988
0;0,4053132
0;0,527393
0;0,3901331
0;0,55466413
0;0,44677672
1;0,30857092
0;0,12839337
0;0,659499
0;0,3901331
0;0,20323707
1;0,98527825
0;0,6235133
1;0,8087917
0;0,4797966
0;0,67369264
0;0,5408352
0;0,5509773
0;0,20323707
0;0,5591527
1;0,73272014
0;0,5391818
1;0,78929436
0;0,116664566
1;0,9777215
0;0,11611831
0;0,48644394
0;0,24036743
1;0,9718793
0;0,5167697
1;0,6707208
0;0,11350967
0;0,20772505
0;0,4214815
0;0,439556
1;0,6776875
0;0,21962367
0;0,6741552
1;0,47717252
0;0,3288865
0;0,73242706
0;0,24166673
0;0,5586666
0;0,39695254
0;0,19228831
0;0,11567296
0;0,41560304
0;0,5937526
0;0,11611831
0;0,5356764
1;0,43784836
0;0,4820053
0;0,14864169
1;0,7828115
1;0,3284156
0;0,5509773
1;0,65599775
0;0,4780181
1;0,97549313
1;0,20323707
0;0,18950132
0;0,11567296
0;0,11611831
0;0,5669565
0;0,79629755
0;0,3032516
1;0,67756784
0;0,62033165
0;0,13971515
0;0,69192255
1;0,50714505
1;0,54148024
1;0,6531885
0;0,20323707
0;0,11611831
0;0,71713084
0;0,3506718
0;0,6269585
0;0,6108631
0;0,11350967
1;0,50035197
0;0,11611831
0;0,24756444
1;0,38799253
0;0,19228831
0;0,53947484
0;0,7346776
1;0,9742086
1;0,58526444
0;0,7380838
1;0,54717904
0;0,5290688
1;0,41998553
1;0,671291
1;0,4147082
0;0,3100988
0;0,19228831
0;0,14864169
1;0,7545345
1;0,83048344
0;0,14864169
0;0,117265776
0;0,5331541
0;0,69788414
1;0,60742867
0;0,53014255
0;0,52689177
1;0,46733198
0;0,14864169
0;0,116664566
0;0,11350967
0;0,4678431
1;0,3901331
0;0,6414081
1;0,8054496
1;0,47392547
1;0,49252853
1;0,78220224
0;0,4822865
0;0,80519015
0;0,53300935
0;0,08402705
0;0,5413214
1;0,7366349
0;0,11567296
0;0,15398146
1;0,43904877
0;0,31129557
0;0,29741874
0;0,5217688
0;0,14864169
0;0,48297748
0;0,19228831
1;0,5689433
1;0,116664566
1;0,95990765
1;0,59755987
0;0,5171057
0;0,117265776
0;0,112660006
0;0,8021078
1;0,59642833
1;0,43163532
0;0,2943774
0;0,3948713
0;0,38799253
1;0,5054428
0;0,6597285
1;0,83288825
1;0,44408303
1;0,3288865
1;0,4053132
0;0,08588813
0;0,37886348
0;0,40725288
0;0,20323707
0;0,23594525
0;0,43777245
0;0,16984881
0;0,117265776
0;0,3288865
0;0,69366664
0;0,15438068
0;0,11611831
1;0,58799726
1;0,74059
1;0,596552
1;0,5992346
1;0,18950132
1;0,72581935
0;0,3901331
0;0,5803275
0;0,6422365
1;0,7127017
0;0,30475017
1;0,513996
0;0,7955501
0;0,49252853
0;0,52306813
0;0,46766135
1;0,7186989
1;0,68629324
1;0,5150573
0;0,4980513
1;0,6496339
0;0,56884605
1;0,38556024
1;0,66244256
1;0,15340893
0;0,14864169
0;0,11611831
0;0,33905712
1;0,5254581
0;0,3901331
1;0,6612911
1;0,47092757
0;0,15340893
1;0,49303725
0;0,4399227
1;0,9665582
0;0,8942281
0;0,5648973
0;0,20323707
1;0,97750515
0;0,47392547
1;0,9525537
1;0,11611831
0;0,2951811
0;0,35833588
0;0,3288865
1;0,7906133
0;0,11611831
0;0,19228831
1;0,6358946
0;0,5648973
0;0,5864534
0;0,2887439
1;0,11611831
0;0,1175093
1;0,12839337
1;0,4224165
0;0,5659887
0;0,13711134
0;0,46993455
0;0,5057847
0;0,5332101
1;0,6634449
0;0,21962367
0;0,727171
0;0,29650864
0;0,43837458
0;0,15438068
1;0,92061025
0;0,20323707
1;0,43625847
1;0,7585828
0;0,45217946
1;0,77147144
0;0,47392547
0;0,08588813
0;0,69788414
0;0,12306303
1;0,25229552
0;0,20323707
0;0,18950132
1;0,53300935
0;0,31720126
0;0,45011607
0;0,66167116
1;0,8165611
0;0,11611831
0;0,19228831
1;0,5147875
1;0,7206595
1;0,4772317
0;0,3826415
0;0,117960766
0;0,19244607
0;0,13971515
0;0,5712141
0;0,45011607
0;0,6634528
0;0,16984881
0;0,11611831
0;0,37099743
1;0,7461389
0;0,5486294
0;0,113073036
1;0,68629324
0;0,5918774
0;0,117960766
0;0,42966902
0;0,52517223
0;0,39883822
0;0,44975302
0;0,11611831
1;0,62761325
0;0,46526903
0;0,45011607
0;0,22924495
0;0,15398146
1;0,41231078
0;0,12839337
0;0,49252853
0;0,44167253
1;0,6478901
0;0,3948713
1;0,7382274
0;0,29122257
1;0,78045046
0;0,28425658
0;0,38556024
0;0,4707674
0;0,53985053
1;0,7903226
0;0,44985047
0;0,4749292
0;0,560967
0;0,73485243
0;0,2990928
0;0,5495234
1;0,68723285
0;0,20323707
0;0,5884983
0;0,61834496
1;0,635852
0;0,5702163
0;0,64780205
1;0,4295049
0;0,11611831
0;0,6022099
1;0,97697794
0;0,10957061
0;0,116664566
0;0,19228831
0;0,19227758
0;0,12839337
0;0,3288865
1;0,57183796
1;0,59772295
0;0,12839337
1;0,98213047
0;0,42187712
1;0,6678596
0;0,43163532
0;0,4508987
0;0,45217946
1;0,58832437
0;0,4450872
0;0,49440867
1;0,7672369
0;0,5214673
0;0,8023221
1;0,8209393
0;0,11567296
1;0,68674886
0;0,6169064
0;0,6320921
0;0,11611831
1;0,5857497
0;0,49252853
1;0,32198128
0;0,3256073
0;0,11611831
0;0,7280456
0;0,4987951
1;0,97750825
0;0,346947
0;0,5057079
0;0,117960766
1;0,71655774
0;0,63289034
0;0,12839337
0;0,51182353
0;0,24617572
0;0,3288865
0;0,54148024
1;0,7284245
1;0,19228831
0;0,19228831
1;0,6951591
0;0,20323707
0;0,11611831
0;0,49190214
1;0,48511323
0;0,7609901
0;0,4601404
0;0,61803365
0;0,45769003
0;0,08402705
0;0,500901
0;0,51365405
0;0,25505063
0;0,5147214
0;0,5509773
1;0,8395525
0;0,5405639
0;0,11611831
0;0,11611831
0;0,5171057
0;0,12839337
0;0,31447297
1;0,7172873
0;0,35833588
1;0,9444765
1;0,71079224
1;0,7432533
0;0,20323707
1;0,51311845
0;0,70361966
0;0,21511748
0;0,116664566
1;0,42552537
0;0,48092663
1;0,6779205
0;0,53985053
0;0,295769
0;0,40116957
0;0,8114745
0;0,500901
0;0,45424303
0;0,11567296
1;0,7539373
1;0,3948713
0;0,42286214
0;0,79563916
0;0,45151612
0;0,32950598
0;0,4599783
0;0,23893549
0;0,35833588
1;0,56402564
1;0,20323707
0;0,66351575
0;0,7245029
1;0,57384443
0;0,08588813
1;0,6161949
0;0,15438068
1;0,5648973
0;0,08588813
0;0,31889722
1;0,64750177
0;0,20323707
0;0,63109297
0;0,4508987
1;0,14864169
0;0,3863378
1;0,15438068
1;0,80143
0;0,3799815
0;0,11611831
0;0,15438068
0;0,5546334
0;0,15340893
1;0,6329908
1;0,5021475
0;0,3901331
1;0,7514986
0;0,47614017
1;0,3948713
1;0,5331541
0;0,40627587
0;0,3351594
0;0,37352502
0;0,19228831
1;0,70290875
1;0,8274939
1;0,14864169
0;0,48840517
0;0,26480392
0;0,88771343
0;0,8010007
0;0,14737062
0;0,35833588
0;0,5077878
0;0,4331848
0;0,19228831
0;0,45217946
0;0,40563467
1;0,55584145
1;0,62045276
0;0,116664566
1;0,41984084
0;0,68304485
0;0,20323707
0;0,12720288
0;0,08402705
1;0,9379722
1;0,56002855
1;0,7978427
1;0,5108356
0;0,12306303
1;0,70485336
1;0,20323707
0;0,18950132
0;0,19228831
0;0,11567296
0;0,66673124
0;0,72164345
0;0,5648973
0;0,15340893
1;0,9815609
0;0,15340893
1;0,5425973
0;0,14864169
1;0,67953056
0;0,19227758
0;0,22421287
0;0,15398146
0;0,12839337
1;0,51598424
0;0,13711134
0;0,5339091
1;0,5459482
1;0,64259744
0;0,39106482
0;0,5733974
0;0,42096487
0;0,14825855
1;0,3901331
1;0,61891526
0;0,6524004
0;0,48456764
0;0,15340893
0;0,65414613
0;0,11611831
1;0,5037616
0;0,15340893
0;0,38056794
0;0,56775296
0;0,7638392
0;0,68732107
0;0,65135217
0;0,6577977
1;0,81957
1;0,8493956
0;0,3227266
0;0,66147137
0;0,4736123
0;0,29204872
1;0,7089359
0;0,7245843
0;0,69637233
1;0,93963325
0;0,41503197
0;0,7854037
1;0,6132949
0;0,31447297
1;0,46265164
1;0,80016536
0;0,5413706
0;0,2922564
1;0,38799253
1;0,46992886
0;0,6633447
0;0,15438068
1;0,97870916
1;0,6424593
1;0,6818712
0;0,66785413
1;0,7043896
0;0,112660006
0;0,53517693
0;0,5342799
0;0,40744737
0;0,51610804
0;0,08588813
1;0,43170604
0;0,15398146
0;0,08666522
1;0,6378437
0;0,5459174
1;0,97683924
1;0,61554444
1;0,70846295
1;0,6309765
0;0,49197963
1;0,55184734
0;0,31429708
0;0,116664566
0;0,7664367
0;0,21511748
1;0,69341034
1;0,45011607
0;0,20323707
0;0,10957061
0;0,58437514
0;0,22759452
0;0,19763032
1;0,96964353
0;0,14359193
1;0,9079221
0;0,26600394
1;0,7461821
0;0,5419125
1;0,47467417
0;0,116664566
0;0,45832685
1;0,29048932
1;0,71812195
0;0,19228831
0;0,40249217
1;0,6266464
1;0,7346784
1;0,43805298
0;0,19228831
0;0,116664566
1;0,42519906
0;0,19763032
1;0,60862935
1;0,9539408
1;0,579753
0;0,11611831
1;0,6937157
0;0,44842204
0;0,14864169
0;0,40066662
1;0,5846656
0;0,21386454
0;0,3901331
1;0,54159606
0;0,28702345
0;0,24066009
0;0,5680767
0;0,35833588
0;0,4450872
0;0,13927342
0;0,49270073
1;0,8012145
0;0,40249217
0;0,38786113
1;0,4992188
0;0,72146136
1;0,6364164
0;0,20323707
0;0,6360016
0;0,14864169
0;0,19228831
1;0,58799726
1;0,15438068
0;0,5670662
1;0,5931287
1;0,72634095
0;0,4590558
0;0,19244607
0;0,39179695
0;0,3288865
1;0,72762114
0;0,47392547
1;0,6654261
1;0,80197185
0;0,6007025
1;0,70844966
0;0,40589043
0;0,08588813
1;0,65599775
1;0,21511748
0;0,11611831
1;0,19228831
1;0,53270173
0;0,5331541
0;0,08666522
1;0,75107074
0;0,55920047
0;0,6577873
0;0,6136163
0;0,333802
0;0,42820543
0;0,5586666
0;0,30486307
0;0,37886348
0;0,5648973
0;0,500901
0;0,17722103
0;0,19763032
0;0,116664566
0;0,20440154
0;0,6312397
0;0,1698626
0;0,13971515
1;0,52295417
0;0,11611831
1;0,4874002
0;0,4465869
0;0,14864169
0;0,56188595
1;0,4494604
0;0,15438068
1;0,19228831
0;0,47522515
0;0,13971515
1;0,86064684
0;0,2447894
0;0,4994087
1;0,949863
0;0,57340676
1;0,9660194
0;0,4988823
0;0,14864169
0;0,4967389
0;0,41314998
0;0,52517223
0;0,62005645
0;0,3901331
0;0,6247678
1;0,5748622
1;0,8120128
0;0,5631927
0;0,44678757
0;0,6782376
1;0,7097556
0;0,08588813
1;0,08588813
1;0,7129167
1;0,5402354
0;0,2843981
0;0,11611831
0;0,2660427
0;0,5391818
0;0,59311634
1;0,59097505
1;0,3901331
0;0,15340893
1;0,59755987
0;0,43576515
0;0,12839337
0;0,68629324
1;0,11567296
0;0,49889997
0;0,29294908
1;0,6281633
0;0,8141473
1;0,8639544
1;0,6832765
1;0,6861274
0;0,7777771
0;0,29606196
1;0,9205347
0;0,51365405
1;0,7648261
1;0,59419525
0;0,12839337
0;0,12720288
0;0,78024626
0;0,42820543
1;0,63681203
0;0,19227758
0;0,30545944
0;0,28719983
0;0,641751
0;0,31847215
0;0,42423218
0;0,527393
0;0,14864169
1;0,6768498
1;0,75228965
0;0,38032845
0;0,13971515
1;0,97242314
0;0,50035197
0;0,5337958
0;0,116664566
0;0,13971515
0;0,19228831
1;0,30897155
0;0,11611831
0;0,64029
0;0,39588133
1;0,6278047
1;0,5627353
0;0,4580391
0;0,29204872
0;0,11611831
1;0,59693414
0;0,10957061
0;0,21962367
0;0,51365405
1;0,2583905
1;0,79948914
0;0,14864169
0;0,766717
1;0,4742982
0;0,12839337
1;0,59603274
0;0,14864169
0;0,14864169
0;0,44334543
0;0,11350967
0;0,15340893
1;0,54391736
0;0,8436939
0;0,64971924
0;0,4214815
1;0,7499436
0;0,45151612
1;0,973717
0;0,19244607
0;0,28065854
0;0,13971515
0;0,17138162
0;0,15438068
0;0,71138644
0;0,37886348
1;0,52039087
0;0,5133633
0;0,48282254
0;0,08588813
0;0,29707858
1;0,5944022
0;0,11611831
1;0,6762076
0;0,39661193
1;0,8696854
0;0,45774683
0;0,6940484
0;0,3851421
0;0,5648973
0;0,21386454
0;0,41997448
0;0,13971515
1;0,11611831
0;0,2539768
0;0,3948713
1;0,76759344
1;0,6940305
1;0,81225026
0;0,5633036
0;0,11611831
0;0,45424303
0;0,19727252
1;0,4869075
0;0,6325286
0;0,15438068
0;0,5737965
1;0,9722946
0;0,50557953
0;0,3901331
1;0,6453063
0;0,11611831
1;0,85063106
0;0,661827
0;0,6541981
0;0,19727252
1;0,6186874
0;0,525209
1;0,97520566
1;0,82104874
0;0,516324
0;0,14864169
1;0,65599775
0;0,46843114
1;0,96192
1;0,4956638
1;0,516324
0;0,20323707
1;0,11350967
1;0,76732105
1;0,75043035
1;0,98686403
1;0,16984881
0;0,59604865
0;0,18950132
1;0,19227758
0;0,626794
0;0,15438068
0;0,6094461
0;0,2660427
0;0,67055887
1;0,5341648
0;0,6044099
1;0,116664566
1;0,41314998
1;0,45769003
0;0,4991194
1;0,6860352
1;0,53422123
1;0,81926686
0;0,49484205
0;0,38799253
0;0,38799253
1;0,78697807
1;0,47650102
0;0,56605583
0;0,11866782
0;0,65185213
1;0,671215
0;0,32380682
1;0,6203873
0;0,72732407
1;0,7699921
1;0,9549955
1;0,95881116
0;0,15340893
0;0,45769003
0;0,42807233
0;0,5134637
1;0,5256639
0;0,15340893
0;0,15438068
1;0,83289087
0;0,55739504
0;0,6661562
0;0,73314804
0;0,485289
0;0,40066662
0;0,50780237
1;0,3901331
0;0,18950132
0;0,6420472
1;0,65947264
0;0,6513871
0;0,7138913
0;0,61189073
0;0,19228831
1;0,6003372
1;0,6017
0;0,859377
1;0,54542273
0;0,5272943
0;0,14864169
0;0,6720533
1;0,74232614
0;0,31593513
0;0,11611831
0;0,11567296
0;0,16953562
0;0,62480843
0;0,46426755
1;0,20582546
1;0,77536803
0;0,08588813
0;0,15438068
1;0,96117383
0;0,5362746
1;0,96187663
1;0,68012404
1;0,9524914
0;0,15340893
0;0,35411417
0;0,8368166
0;0,15438068
1;0,47668386
0;0,3901331
0;0,11611831
0;0,2096555
1;0,6292626
0;0,4978912
1;0,32840034
0;0,488672
0;0,14864169
0;0,43904877
0;0,4214815
1;0,31503114
0;0,65034825
1;0,5509773
0;0,4988823
1;0,7268041
0;0,117265776
0;0,11611831
1;0,76402587
0;0,13971515
0;0,59658325
0;0,30469698
0;0,19244607
0;0,19228831
1;0,59667176
0;0,49374953
0;0,30018535
0;0,13971515
0;0,28489417
1;0,11350967
0;0,64083564
0;0,79590183
0;0,68651116
0;0,11611831
1;0,5363694
1;0,72346735
0;0,18950132
0;0,47717252
0;0,40047872
1;0,5569327
1;0,49303725
1;0,6529574
0;0,49933386
0;0,48243406
0;0,6597964
0;0,53947484
1;0,51099503
1;0,66171056
0;0,15438068
0;0,4979546
0;0,116664566
0;0,12839337
1;0,59327114
0;0,41231078
0;0,5189591
1;0,786046
1;0,36132637
0;0,3563353
1;0,44975302
1;0,72905505
0;0,115459174
1;0,6698119
0;0,6075307
1;0,63907135
0;0,116664566
1;0,6608898
1;0,5733974
1;0,45151612
1;0,73215574
0;0,45011607
0;0,22564928
0;0,65259093
0;0,52295417
0;0,47487113
1;0,66293055
0;0,500901
1;0,46766135
0;0,54539204
1;0,75429696
1;0,95642155
1;0,89069724
0;0,5459482
1;0,9747318
0;0,49817508
0;0,28378963
0;0,52110904
0;0,13971515
0;0,46766135
0;0,72171533
0;0,45245656
0;0,3350891
0;0,11567296
0;0,58527124
0;0,14737062
0;0,45258886
0;0,68865055
0;0,6275824
0;0,46935514
0;0,113073036
0;0,11567296
0;0,32041875
1;0,97855616
0;0,5038501
1;0,73449355
0;0,11611831
0;0,66605073
1;0,45275903
0;0,4487343
0;0,16153572
0;0,22966304
0;0,12979455
0;0,37545916
1;0,32295215
1;0,55920047
0;0,7699639
0;0,50345266
0;0,08402705
0;0,346947
1;0,500901
0;0,5980225
1;0,6380324
0;0,500901
0;0,49252853
0;0,47642383
0;0,5207722
1;0,77493215
0;0,29831365
1;0,97392684
1;0,9758465
0;0,14864169
1;0,7630818
0;0,35833588
0;0,50592226
1;0,58961177
0;0,13711134
0;0,32006374
1;0,9636345
0;0,5385025
1;0,15340893
0;0,11611831
0;0,5883681
0;0,59096867
0;0,66892684
0;0,4292717
0;0,19228831
1;0,96038187
0;0,116664566
0;0,6169064
1;0,9521045
1;0,6604931
1;0,4988823
0;0,500901
0;0,3901331
1;0,9352204
1;0,9779554
1;0,60327244
1;0,73453635
0;0,4064157
0;0,6832765
1;0,7288338
1;0,41038895
1;0,5331541
0;0,49190214
0;0,15438068
0;0,3288865
0;0,5769667
0;0,11611831
0;0,13971515
0;0,2613051
0;0,19763032
1;0,96290845
1;0,5145088
0;0,11611831
0;0,44741425
0;0,11611831
1;0,80239797
1;0,8163648
0;0,21386454
1;0,89166045
0;0,15438068
0;0,14864169
1;0,7137329
0;0,4447736
0;0,18950132
1;0,84315974
0;0,2922826
1;0,835256
1;0,97927284
0;0,29085582
1;0,59522957
0;0,13971515
0;0,5350535
0;0,4450872
0;0,14845894
1;0,5549943
0;0,11611831
0;0,4478252
1;0,3350891
0;0,19228831
0;0,4986609
0;0,6891145
0;0,63118416
1;0,6200697
0;0,15340893
0;0,36458334
0;0,74232405
0;0,5486294
0;0,19727252
1;0,67020905
0;0,8014934
0;0,26183155
0;0,11611831
0;0,5455476
0;0,116664566
0;0,7811031
0;0,73100984
1;0,7060244
1;0,8061058
1;0,3291833
0;0,46187413
0;0,5971614
0;0,5802024
0;0,31447297
0;0,602335
0;0,3967698
1;0,62567353
1;0,68783087
0;0,3976307
1;0,46520463
1;0,5457953
0;0,23137255
0;0,5727876
1;0,73173916
0;0,4892056
0;0,6238957
0;0,78604096
0;0,22421287
1;0,46843114
0;0,15438068
0;0,14864169
1;0,21386454
0;0,46985173
0;0,11611831
1;0,8700139
1;0,9521722
0;0,7154561
1;0,4484637
0;0,4053132
0;0,37632555
1;0,80751455
0;0,22078319
1;0,17013794
0;0,4298282
0;0,42820543
0;0,30790928
0;0,19763032
0;0,59084105
1;0,7152216
0;0,117265776
0;0,4873031
1;0,59503525
0;0,5331541
1;0,9661018
0;0,19227758
0;0,1866152
0;0,23753084
0;0,31813154
0;0,116664566
0;0,45011607
1;0,4499661
0;0,5441426
0;0,5980225
0;0,57702583
1;0,52295417
1;0,807122
0;0,6132761
1;0,956576
1;0,68873286
1;0,374781
0;0,61643314
1;0,47048536
1;0,22710076
1;0,8061058
1;0,4335412
1;0,516324
1;0,8387012
1;0,7996971
1;0,9726246
0;0,5648973
0;0,15340893
0;0,64191276
0;0,23753084
1;0,97690886
0;0,5167697
0;0,113073036
0;0,5171057
0;0,3429164
0;0,6487102
0;0,7134693
1;0,66767365
0;0,4980513
0;0,5750651
0;0,08588813
0;0,7157046
0;0,5509773
0;0,6419072
0;0,11611831
0;0,4986609
1;0,6264948
0;0,4982212
0;0,15340893
1;0,97618425
1;0,6677758
1;0,96290845
1;0,7969674
0;0,8024173
1;0,7247791
0;0,32185063
0;0,14864169
1;0,598442
0;0,58622324
0;0,2865538
1;0,4720067
0;0,123431675
1;0,35833588
0;0,15438068
0;0,5953175
0;0,516324
0;0,11567296
0;0,38786113
0;0,7925739
0;0,24756444
0;0,60506827
0;0,65612787
1;0,49611723
0;0,23594525
1;0,727171
0;0,42470002
1;0,5993727
0;0,3288865
1;0,6641911
0;0,22710076
0;0,44922042
1;0,5759743
0;0,55591196
0;0,32287174
0;0,47717252
0;0,3935664
0;0,19244607
0;0,11611831
0;0,15398146
1;0,3288865
0;0,5492962
0;0,45424303
1;0,3901331
1;0,6855924
1;0,61715263
1;0,40066662
1;0,78278226
1;0,50338256
0;0,5332101
1;0,67281765
0;0,19228831
0;0,6024434
1;0,5631927
0;0,86147714
1;0,82394874
0;0,41962695
0;0,20323707
0;0,770382
0;0,51546645
1;0,119701944
0;0,63260984
0;0,12720288
1;0,7358428
0;0,68483394
1;0,77546555
0;0,399387
1;0,94171417
1;0,62899506
1;0,9393229
1;0,50204563
0;0,37771237
1;0,30873454
0;0,35857204
0;0,14864169
0;0,14864169
0;0,19727252
1;0,8310879
1;0,87134516
0;0,4988823
1;0,6541981
0;0,47650102
0;0,5332101
1;0,8130027
0;0,63260984
0;0,11611831
0;0,14864169
1;0,83288187
0;0,45424303
0;0,123431675
0;0,6296261
0;0,15438068
0;0,23175326
0;0,54651195
0;0,44751605
1;0,7888631
1;0,6878086
1;0,47487113
0;0,6625403
1;0,5391818
0;0,11611831
0;0,46426755
0;0,5057847
0;0,11611831
0;0,6420472
0;0,5178831
1;0,5292517
0;0,117265776
1;0,9795688
0;0,19228831
0;0,3409545
0;0,43904877
0;0,19228831
0;0,28928694
0;0,2887439
0;0,7242303
0;0,47487113
0;0,20323707
0;0,13971515
0;0,11611831
0;0,3961384
1;0,6482921
1;0,52482784
0;0,5214673
1;0,7346815
0;0,11611831
0;0,49252853
0;0,20323707
1;0,7127017
1;0,97870916
0;0,116664566
0;0,12839337
1;0,6972056
0;0,14864169
1;0,6069982
0;0,116664566
0;0,2887439
1;0,5195146
1;0,549644
0;0,49967834
0;0,16953562
1;0,84590465
0;0,500901
1;0,44903597
0;0,49190214
0;0,15340893
0;0,3948713
0;0,19167133
0;0,24828655
1;0,69419116
0;0,19228831
0;0,3598649
1;0,77505654
1;0,62284124
0;0,29145035
0;0,38836774
0;0,20323707
0;0,19727252
0;0,12839337
1;0,83932203
0;0,56768686
0;0,40725288
0;0,13458191
0;0,47717252
0;0,4956638
1;0,71138644
0;0,46843114
0;0,6725219
0;0,6198602
1;0,59626406
0;0,15438068
0;0,30349758
0;0,5400077
0;0,6673946
1;0,7583622
0;0,36948863
1;0,30475017
1;0,70093036
0;0,74526775
1;0,7866797
1;0,9019838
0;0,5850819
0;0,45011607
0;0,3061684
0;0,115459174
1;0,42507556
0;0,4450872
1;0,7546607
0;0,49790573
1;0,5928298
0;0,37632555
0;0,52050143
0;0,68609214
0;0,14864169
0;0,11567296
1;0,29097643
0;0,7834708
1;0,5064372
1;0,33051717
1;0,59065
1;0,5756418
0;0,5190058
0;0,3288865
1;0,4233718
0;0,11611831
0;0,12839337
0;0,116664566
1;0,7138913
0;0,51598424
0;0,22756109
1;0,9729793
1;0,82642955
0;0,26550296
1;0,6608622
0;0,7199721
1;0,59316045
1;0,7234345
0;0,3033421
1;0,62546706
0;0,13971515
0;0,62317544
0;0,19763032
0;0,52295417
0;0,116664566
0;0,19228831
0;0,2646777
1;0,5627353
1;0,5079807
0;0,47392547
0;0,15438068
0;0,6915043
0;0,15438068
0;0,11611831
0;0,70507956
1;0,789176
0;0,4987951
0;0,62284124
1;0,4450872
0;0,26896963
1;0,80031794
1;0,75648886
0;0,5224062
0;0,59860224
0;0,691084
0;0,117265776
0;0,8047152
0;0,7134693
0;0,606076
0;0,59075177
1;0,19228831
0;0,45011607
1;0,49252853
1;0,66107893
0;0,73740596
0;0,560967
1;0,5758117
0;0,40725288
0;0,5481585
0;0,48384738
0;0,13971515
0;0,19228831
0;0,20323707
1;0,6226136
0;0,61944765
0;0,13971515
1;0,41111246
1;0,6012897
0;0,44739988
0;0,5586666
0;0,6246927
1;0,6823295
1;0,53332776
0;0,55394644
0;0,5838079
1;0,8210589
0;0,7966873
0;0,15340893
1;0,15438068
1;0,30211872
0;0,5136691
0;0,12839337
0;0,51598424
0;0,5531407
1;0,78260404
0;0,6999296
1;0,4170844
0;0,59207875
1;0,5454863
0;0,2887439
0;0,11611831
1;0,42315817
0;0,11611831
1;0,8103002
0;0,11611831
1;0,54485106
1;0,32458737
0;0,6931806
0;0,53078663
1;0,50296223
1;0,6265775
0;0,62972
1;0,117960766
0;0,513838
0;0,5037596
0;0,6206229
0;0,11567296
1;0,6803889
1;0,79269695
0;0,11611831
0;0,19727252
0;0,5121334
0;0,4450872
1;0,961657
0;0,5481585
0;0,45035502
1;0,67835414
0;0,31447297
0;0,21962367
1;0,78233725
1;0,15340893
0;0,38786113
1;0,35146573
1;0,79466975
0;0,117960766
1;0,8012145
0;0,6656333
0;0,11611831
1;0,50540507
0;0,44985047
0;0,13711134
0;0,21962367
1;0,6603164
0;0,63753456
0;0,43510345
0;0,38799253
1;0,9484615
0;0,29501247
1;0,972401
1;0,44975302
0;0,17722103
0;0,40563467
0;0,44739988
1;0,98067194
0;0,15340893
1;0,79145044
0;0,40725288
0;0,2854006
0;0,3288865
0;0,44842204
0;0,117265776
0;0,16984881
1;0,97515965
0;0,62679774
0;0,12839337
0;0,11567296
0;0,11611831
0;0,20323707
1;0,758421
0;0,54851246
1;0,47392547
1;0,6108631
0;0,74241936
0;0,59522957
0;0,5756418
0;0,549189
0;0,5953175
0;0,40082726
0;0,21962367
0;0,66171056
0;0,20440154
0;0,11350967
1;0,810358
0;0,5967877
1;0,81231475
1;0,5057847
1;0,9103886
0;0,2447894
0;0,44167253
1;0,6325082
0;0,13971515
0;0,6581519
0;0,36000916
1;0,63592786
1;0,96844524
0;0,20323707
0;0,13439763
0;0,31682244
1;0,5508815
0;0,14864169
1;0,4687777
1;0,83477074
0;0,39106482
1;0,7348791
0;0,30250472
1;0,61683744
1;0,43359268
0;0,4865907
0;0,1740828
0;0,7797356
0;0,30276996
0;0,30308554
0;0,20323707
1;0,97064567
0;0,14864169
1;0,70769
0;0,5210296
1;0,14864169
1;0,69132805
1;0,7140055
0;0,18950132
0;0,2796352
0;0,4974923
0;0,6017
0;0,38786113
0;0,4064157
0;0,43556833
0;0,4465902
0;0,19763032
0;0,44739988
0;0,21962367
0;0,11611831
0;0,78738075
0;0,75717866
0;0,30394405
1;0,6420472
1;0,73881274
0;0,46818703
0;0,55115634
1;0,7339871
0;0,7893917
1;0,9432319
0;0,12839337
0;0,26960674
0;0,57944703
0;0,6474736
0;0,37886348
0;0,51581264
0;0,45217946
0;0,7119371
0;0,19228831
1;0,50345266
0;0,66645896
1;0,3948713
0;0,3948713
1;0,9596387
1;0,8069063
0;0,3288865
0;0,49074748
0;0,81712055
0;0,11567296
1;0,5481585
1;0,8200983
0;0,24738063
1;0,57606906
0;0,3948713
1;0,61280704
1;0,79527617
1;0,43271077
0;0,5210296
0;0,2182948
1;0,65612787
1;0,88967127
0;0,3935703
0;0,3901331
1;0,69202983
0;0,11611831
0;0,16984881
1;0,62729657
0;0,5276776
0;0,20323707
0;0,49710074
1;0,58437514
0;0,15438068
1;0,7863845
1;0,9557496
1;0,20323707
0;0,11611831
0;0,11611831
0;0,16153572
1;0,6950273
1;0,14825855
0;0,4450872
0;0,33236024
0;0,15438068
0;0,2988506
0;0,15438068
1;0,516324
0;0,35833588
1;0,6444376
0;0,14864169
0;0,13711134
1;0,11611831
0;0,37574804
0;0,6593674
1;0,51610804
0;0,12839337
1;0,5332101
0;0,45424303
1;0,95230067
1;0,66293746
0;0,293258
1;0,51151395
1;0,6475609
0;0,8014398
0;0,31108004
0;0,19228831
0;0,46843114
1;0,8611387
1;0,84793663
0;0,11611831
1;0,6934019
1;0,8243675
0;0,115459174
0;0,78604096
0;0,68873286
1;0,80090266
1;0,500901
1;0,95438176
0;0,116664566
0;0,52465254
0;0,45011607
0;0,58354825
1;0,4876187
0;0,18950132
0;0,40786225
1;0,6424593
0;0,19533272
1;0,50780237
0;0,42286214
0;0,117265776
0;0,15340893
0;0,48456764
1;0,31439933
1;0,6154808
1;0,53422123
0;0,5181348
0;0,4722338
0;0,5807482
0;0,15438068
0;0,3255528
1;0,62005645
0;0,5929921
0;0,18950132
0;0,44167253
0;0,11350967
1;0,40725288
0;0,4044556
0;0,49204123
0;0,117265776
0;0,5195146
0;0,19727252
0;0,5869825
1;0,63681203
0;0,51598424
0;0,15340893
1;0,5462364
0;0,14864169
0;0,73533237
0;0,51472086
1;0,693578
0;0,54468715
0;0,5184574
0;0,6557773
0;0,61171925
0;0,32294536
0;0,40563467
1;0,77064115
1;0,6826627
1;0,67130315
1;0,82642955
0;0,38282555
0;0,20323707
1;0,6637489
1;0,29136956
1;0,6980813
0;0,5331541
1;0,59205157
1;0,11567296
0;0,60770863
0;0,76540375
1;0,4921055
0;0,78929436
1;0,9729231
0;0,41025513
1;0,57964844
1;0,64195466
1;0,9695749
1;0,76050735
1;0,96526074
1;0,5852838
1;0,14864169
0;0,16581751
0;0,117265776
0;0,5064372
0;0,5508815
1;0,9725528
0;0,16153572
0;0,15398146
0;0,38799253
0;0,18950132
1;0,45769003
0;0,44725466
0;0,11350967
0;0,5920977
1;0,6188181
1;0,5671687
0;0,30277205
0;0,5648973
0;0,7514789
0;0,44335443
1;0,4508987
1;0,5486294
0;0,11611831
0;0,20323707
0;0,4988823
0;0,11611831
1;0,500901
1;0,72644806
0;0,45424303
1;0,6281246
0;0,19727252
0;0,4921055
0;0,14864169
1;0,9653553
0;0,40082726
1;0,752454
0;0,4465902
0;0,112660006
1;0,503696
1;0,77725834
1;0,45625272
0;0,11611831
0;0,28221142
0;0,45011607
0;0,11611831
0;0,3901331
0;0,63813657
0;0,13971515
1;0,873353
1;0,80429584
1;0,37352502
0;0,55828303
1;0,9604773
0;0,5471235
0;0,3288865
0;0,24921507
1;0,45011607
0;0,535337
0;0,21511748
0;0,14864169
0;0,50345266
0;0,5171057
0;0,11350967
1;0,59065
1;0,80949634
0;0,69788414
1;0,63203454
0;0,6182863
0;0,22966304
0;0,69437075
0;0,16984881
0;0,12839337
0;0,2313367
0;0,116664566
1;0,6737623
1;0,78464144
0;0,65599775
0;0,3901331
0;0,45217946
0;0,52295417
0;0,7424668
1;0,946471
0;0,4541729
1;0,49605978
0;0,4695628
1;0,13927342
0;0,38951713
0;0,3948713
1;0,76829463
0;0,50338256
1;0,75497097
1;0,5979225
1;0,516324
0;0,19228831
0;0,7169394
0;0,14864169
0;0,13971515
1;0,20323707
0;0,33051717
0;0,5912065
0;0,08588813
1;0,8019225
0;0,15438068
0;0,7358453
0;0,49252853
1;0,6298548
0;0,4559477
1;0,39344937
0;0,397275
0;0,12839337
0;0,58160865
1;0,8795633
0;0,5171057
0;0,33051717
1;0,5459482
0;0,11350967
0;0,31497332
1;0,72642505
1;0,71285784
0;0,5754212
1;0,74014175
0;0,15438068
1;0,5967711
0;0,31399018
0;0,20323707
0;0,12839337
0;0,20323707
1;0,9787947
0;0,49270073
0;0,6292763
0;0,4988823
0;0,13458191
1;0,5404298
0;0,295769
1;0,6210595
1;0,31694913
0;0,3948713
1;0,6313109
0;0,601456
0;0,555507
0;0,596975
1;0,5586666
0;0,12839337
0;0,28928694
1;0,68873286
1;0,9709373
1;0,50697476
0;0,11567296
1;0,6604151
1;0,50769025
1;0,49038512
0;0,68978
0;0,21037734
0;0,5865851
0;0,18950132
0;0,6656668
0;0,15398146
0;0,7700515
0;0,14864169
0;0,4772317
1;0,8895887
0;0,19228831
0;0,31945625
1;0,58852637
1;0,46843114
1;0,98401767
0;0,3288865
1;0,50462216
0;0,66881186
0;0,46258137
1;0,693286
0;0,19727252
0;0,4494604
0;0,16984881
0;0,4499661
0;0,11611831
0;0,31506643
0;0,21962367
0;0,11567296
0;0,19228831
0;0,29269677
0;0,20323707
0;0,3901331
0;0,5069474
0;0,15438068
0;0,19228831
0;0,3901331
1;0,9661736
0;0,19228831
0;0,6397912
0;0,20323707
0;0,69462705
0;0,15340893
0;0,2627476
0;0,3288865
1;0,813488
0;0,5195146
0;0,45424303
1;0,49252853
1;0,42066467
0;0,3944632
1;0,7246669
0;0,3948713
1;0,7378141
0;0,46843114
1;0,5603707
0;0,6493908
0;0,14864169
0;0,6474736
1;0,4695628
1;0,37507823
1;0,4846364
0;0,40073743
0;0,6499068
1;0,5391818
1;0,49270073
1;0,16984881
0;0,14864169
0;0,2567592
0;0,11611831
1;0,6700344
0;0,40563467
0;0,42820543
0;0,45223
1;0,49252853
0;0,16984881
0;0,5409566
1;0,5133633
0;0,47487113
0;0,5931287
0;0,5422741
0;0,49074748
0;0,28603727
0;0,117265776
0;0,47105518
0;0,12839337
0;0,4465869
0;0,43087503
0;0,4363438
0;0,36948863
1;0,97671336
0;0,117265776
0;0,19228831
1;0,97227263
0;0,5657208
0;0,11350967
0;0,6722088
1;0,7114257
0;0,24756444
1;0,64236754
1;0,8096614
1;0,4508987
1;0,8009359
1;0,7713933
1;0,3197972
1;0,3147039
1;0,72736746
0;0,6195975
0;0,7211002
1;0,5217176
0;0,68782705
0;0,63313097
0;0,117960766
0;0,3350891
1;0,12839337
0;0,745806
0;0,11611831
1;0,30557013
0;0,7183272
1;0,6599196
1;0,65599775
0;0,6136392
0;0,40082726
1;0,82083046
0;0,5116584
1;0,67153746
1;0,50447166
0;0,41231078
1;0,51182353
0;0,46332544
0;0,15438068
0;0,615184
0;0,6577873
0;0,52517223
0;0,557289
0;0,16581751
1;0,9675529
0;0,4450872
0;0,24066009
0;0,500901
0;0,6576843
0;0,54148024
0;0,48161697
0;0,13102634
0;0,58801955
0;0,28576872
1;0,21962367
0;0,13971515
0;0,14864169
1;0,65118426
0;0,65488434
0;0,6587635
0;0,19227758
0;0,4780181
0;0,5178831
1;0,49733457
0;0,6990954
0;0,5171057
1;0,95177317
0;0,77284926
1;0,15438068
0;0,21962367
0;0,14864169
1;0,66852355
0;0,19727252
1;0,7826811
0;0,30525896
0;0,582874
0;0,4892056
1;0,35841277
0;0,11611831
0;0,11466087
0;0,3901331
1;0,7127017
1;0,7955041
0;0,13927342
0;0,123431675
0;0,12839337
1;0,97367835
0;0,11611831
1;0,7962727
1;0,21962367
0;0,31694913
0;0,5332101
1;0,71895254
0;0,37574804
0;0,5109857
0;0,5415036
1;0,54050225
0;0,5884181
0;0,4952699
0;0,29178616
0;0,53998417
1;0,9805861
1;0,6768498
1;0,97779423
1;0,8404117
1;0,8172087
1;0,8222857
1;0,7723332
1;0,50447166
1;0,88124
1;0,71138644
0;0,49593115
0;0,6067082
0;0,5453384
0;0,70856607
0;0,6237487
0;0,52277917
0;0,08970006
1;0,6448677
1;0,827138
0;0,19244607
0;0,14864169
0;0,52945143
0;0,4846364
0;0,6968479
0;0,71647537
0;0,57620955
1;0,59755987
0;0,5108356
1;0,88725007
1;0,8468173
0;0,42286214
0;0,63295126
1;0,74845326
1;0,9613135
0;0,71582603
0;0,4772317
0;0,5543504
0;0,14737062
0;0,19228831
0;0,78827107
0;0,15438068
0;0,4911125
1;0,31612617
0;0,117265776
1;0,45413247
0;0,50345266
1;0,74763167
1;0,97990257
0;0,117960766
0;0,53117293
0;0,35833588
0;0,53985053
0;0,4508987
1;0,9703775
0;0,4214815
0;0,42174697
1;0,68865055
0;0,13971515
1;0,89549387
0;0,49374953
0;0,13971515
1;0,9286848
0;0,55803794
0;0,6383777
0;0,68752205
1;0,6736127
1;0,70928
1;0,53300935
1;0,5506913
0;0,12839337
1;0,7062617
1;0,41314998
1;0,5960795
0;0,12839337
1;0,6475416
0;0,22796494
0;0,31973523
1;0,64140016
1;0,96311665
0;0,117265776
0;0,11611831
1;0,46766135
0;0,21962367
1;0,550142
0;0,6471042
1;0,619878
0;0,15438068
0;0,15438068
0;0,30634606
0;0,6281901
1;0,5976814
0;0,20323707
1;0,72444206
0;0,15340893
0;0,11611831
1;0,95287055
0;0,9098882
0;0,13971515
0;0,40563467
0;0,14864169
0;0,116664566
0;0,13971515
0;0,45035502
0;0,43242076
0;0,34815475
1;0,76392317
0;0,49252853
0;0,77478856
1;0,83156055
0;0,40609184
1;0,46843114
1;0,7219114
1;0,9794576
1;0,9716632
0;0,5131761
1;0,45769003
0;0,28409827
0;0,19227758
0;0,6212349
1;0,38799253
0;0,82188016
1;0,9075369
1;0,113073036
0;0,13711134
0;0,11611831
0;0,15743677
0;0,11611831
1;0,5546334
0;0,116664566
1;0,38342357
1;0,4066682
0;0,59269816
1;0,14864169
1;0,45705616
1;0,27009133
0;0,43652195
1;0,5178831
0;0,19727252
1;0,724938
1;0,555507
0;0,4982212
1;0,6804927
1;0,9838769
0;0,5024755
1;0,654158
1;0,47392547
0;0,53947484
1;0,6429704
0;0,17358714
0;0,4994087
1;0,4983522
1;0,82537955
0;0,53155446
0;0,59755987
0;0,6308803
0;0,13971515
0;0,5121376
0;0,21386454
1;0,5108356
0;0,20323707
1;0,74467903
0;0,2904855
0;0,74977446
0;0,51076555
1;0,52295417
0;0,47765258
1;0,4508987
0;0,40563467
1;0,96508926
1;0,55458975
1;0,9609637
0;0,38786113
0;0,5931287
1;0,59604007
0;0,30259553
0;0,576275
1;0,5332101
1;0,6210595
0;0,31143773
0;0,6474984
0;0,90716034
0;0,60862935
1;0,83831227
1;0,44749755
0;0,31561437
1;0,6811254
0;0,628063
0;0,29145035
0;0,19228831
0;0,5122623
1;0,7197611
0;0,49038512
0;0,11567296
1;0,8158575
0;0,52765536
0;0,15340893
1;0,66190106
0;0,12839337
1;0,97306097
1;0,61547697
0;0,24828655
1;0,6888746
0;0,11611831
0;0,14864169
1;0,49270073
0;0,7512553
0;0,6017834
0;0,482981
0;0,11567296
1;0,59772295
0;0,32318884
1;0,6634076
1;0,49190214
0;0,82642955
0;0,39883822
0;0,61627
0;0,3288865
1;0,7572986
0;0,116664566
0;0,5100037
1;0,56134397
1;0,8483882
0;0,6319567
1;0,61683744
0;0,62843436
1;0,90592074
0;0,82260656
0;0,42358556
1;0,78362274
0;0,14864169
1;0,5990103
0;0,5637101
1;0,50522524
0;0,49928492
1;0,52499264
0;0,32088315
1;0,6486883
0;0,6474736
1;0,30559453
0;0,76777047
1;0,8061058
1;0,7306602
1;0,5953175
0;0,6271954
1;0,5947868
0;0,22796494
0;0,5941862
1;0,8145717
0;0,6707208
1;0,47487113
0;0,15438068
0;0,5356764
0;0,47765258
0;0,65896434
1;0,96999985
1;0,6768498
0;0,39179695
0;0,213983
0;0,21962367
1;0,3901331
0;0,24833967
0;0,11611831
0;0,19533272
0;0,598625
1;0,5993871
0;0,74093646
0;0,7618359
1;0,3944632
0;0,14864169
1;0,4978912
0;0,19727252
0;0,29804322
0;0,3901331
0;0,11611831
1;0,5538715
0;0,11567296
0;0,69901735
0;0,3901331
0;0,42858467
0;0,4780181
1;0,19244607
1;0,97001374
1;0,5816125
1;0,7387543
0;0,20323707
0;0,671676
1;0,5393881
0;0,14737062
0;0,12306303
0;0,15340893
1;0,4142403
0;0,50345266
1;0,53985053
1;0,7202242
1;0,9788775
1;0,66707
0;0,39883822
0;0,67548245
1;0,43670663
1;0,8913861
0;0,73914057
0;0,44903597
1;0,6832765
0;0,12839337
1;0,53947484
0;0,54651195
0;0,4999105
0;0,6626759
0;0,13971515
0;0,3948713
0;0,11611831
0;0,117960766
0;0,8943264
1;0,7402377
1;0,7257329
0;0,30277205
1;0,6507085
1;0,9462806
0;0,16984881
0;0,19228831
0;0,11350967
0;0,08970006
0;0,4097836
1;0,7018837
1;0,9432327
1;0,5980225
1;0,6749772
1;0,77441806
0;0,3901331
0;0,5195146
1;0,69276106
0;0,41314998
0;0,51268417
0;0,13971515
0;0,43803817
1;0,8012145
0;0,4484637
1;0,7352884
0;0,44179145
0;0,4850592
1;0,6919468
0;0,5540902
1;0,48006588
1;0,24910861
1;0,7393127
1;0,5582647
0;0,19763032
0;0,11350967
0;0,23976515
1;0,97901934
0;0,56899184
1;0,7841075
0;0,73924685
0;0,52110904
0;0,14864169
1;0,8687873
0;0,52499264
0;0,6585877
1;0,7122582
0;0,6638277
0;0,11611831
0;0,20323707
0;0,6971411
0;0,60676444
0;0,66171056
0;0,28744408
0;0,6885599
0;0,40725288
0;0,21962367
0;0,3948713
0;0,10957061
0;0,8144747
0;0,5648973
0;0,5990103
0;0,44167253
0;0,12839337
1;0,7016472
0;0,20440154
0;0,4731269
1;0,6245391
0;0,13971515
1;0,4508987
0;0,28720057
0;0,15398146
0;0,6420472
0;0,21386454
0;0,43510345
0;0,5164147
1;0,7897393
0;0,4064157
1;0,9591771
0;0,3200171
0;0,21962367
1;0,72430634
1;0,67330027
0;0,59065
0;0,11611831
0;0,10957061
1;0,54505634
0;0,68574226
1;0,42315817
0;0,23653772
0;0,37886348
1;0,5391818
0;0,58450854
0;0,47816798
0;0,5093442
1;0,81926227
1;0,31694913
0;0,4772317
1;0,29269677
0;0,3998819
0;0,4053132
0;0,49252853
0;0,11567296
0;0,89082235
1;0,4834177
1;0,72723895
1;0,49270073
1;0,44741425
1;0,71947414
1;0,3288865
0;0,46985173
1;0,15438068
0;0,4214815
0;0,16984881
1;0,6541796
0;0,5332101
1;0,7036299
1;0,77938896
0;0,72543883
0;0,64829713
0;0,11567296
0;0,19228831
1;0,77385426
0;0,11350967
1;0,958807
1;0,43219262
1;0,9625115
1;0,33100373
0;0,10264796
1;0,87806547
0;0,6446418
0;0,63429725
1;0,96633065
0;0,659656
1;0,96703815
0;0,14864169
1;0,61925393
0;0,6992545
1;0,39179695
0;0,4772317
1;0,94676137
1;0,7147593
0;0,46766135
1;0,78989846
1;0,3409545
1;0,9746995
1;0,26704904
0;0,117265776
0;0,83472675
1;0,5332101
0;0,65490586
1;0,84077996
0;0,15438068
0;0,45217946
0;0,62523097
1;0,7005313
0;0,50345266
0;0,6933086
1;0,42820543
0;0,15438068
1;0,64474744
1;0,5409747
0;0,11611831
0;0,35833588
0;0,58650583
1;0,62929237
0;0,71472055
1;0,6825544
0;0,46935514
0;0,11611831
1;0,5937601
0;0,15438068
0;0,39558813
0;0,19763032
0;0,18950132
1;0,9456529
0;0,3288865
1;0,70872825
1;0,71515465
0;0,21962367
0;0,33508077
0;0,14864169
0;0,5303215
1;0,5676721
0;0,38786113
1;0,579753
0;0,13971515
0;0,3948713
1;0,52050143
1;0,5486294
0;0,17864688
0;0,4541729
0;0,11611831
0;0,20323707
0;0,40744737
0;0,4209461
1;0,20323707
1;0,66880864
0;0,6370414
0;0,40725288
0;0,19763032
1;0,6966448
0;0,19167133
0;0,1698626
0;0,32024324
0;0,4209461
1;0,80178
0;0,20845658
0;0,20323707
0;0,14864169
1;0,70856607
1;0,6253471
1;0,68413144
1;0,57240814
0;0,29335096
0;0,29823372
0;0,7431687
0;0,3290233
0;0,15340893
0;0,70077264
1;0,75175285
0;0,50338256
1;0,5616261
0;0,4053132
1;0,6013715
0;0,08666522
0;0,6949173
1;0,54651195
0;0,49252853
1;0,68521476
0;0,5363694
1;0,7203912
0;0,4499661
0;0,41231078
0;0,7031715
1;0,63969177
0;0,29831365
0;0,64020956
1;0,80239797
0;0,47230068
0;0,6939685
0;0,3901331
1;0,71138644
1;0,48087904
1;0,71268564
0;0,42254633
0;0,15438068
0;0,117265776
1;0,34977382
1;0,60855806
1;0,44751605
0;0,19763032
1;0,7260115
0;0,24756444
0;0,44975302
0;0,3901331
0;0,15340893
1;0,60607797
0;0,44847533
0;0,48198667
0;0,7331093
0;0,40047872
1;0,626775
1;0,97884905
0;0,607259
0;0,24756444
0;0,21386454
0;0,15340893
1;0,19727252
0;0,7724682
0;0,3288865
1;0,56511176
1;0,626915
0;0,40286732
1;0,5077878
0;0,15438068
0;0,117960766
1;0,8086985
0;0,3948713
1;0,82469845
1;0,69587666
0;0,73108655
0;0,5597546
1;0,6779205
1;0,86106914
0;0,6325082
0;0,3901331
0;0,15438068
0;0,08588813
0;0,5323296
0;0,53718585
0;0,45125148
1;0,44601572
0;0,49743167
1;0,65315866
0;0,15438068
1;0,74232405
0;0,16984881
0;0,11611831
0;0,6175654
1;0,8122586
0;0,15438068
0;0,7067884
0;0,7048887
0;0,7527083
1;0,40682334
0;0,14896789
0;0,31176093
0;0,37886348
1;0,73758805
1;0,59755987
1;0,5902903
1;0,32365552
0;0,5171057
1;0,7805211
0;0,56568986
1;0,6195339
0;0,52585876
0;0,12630382
0;0,74995005
1;0,6525445
1;0,7669468
1;0,7685944
1;0,7596046
0;0,7927701
1;0,19763032
1;0,5184574
0;0,533575
1;0,6971411
0;0,30168024
1;0,97903067
0;0,16984881
1;0,952811
1;0,9686234
0;0,42174697
1;0,7795852
0;0,6872958
0;0,6084648
0;0,7138726
0;0,11611831
1;0,98452985
1;0,54589224
0;0,64444107
0;0,13971515
1;0,50981784
1;0,19228831
0;0,11611831
0;0,15438068
0;0,2742207
1;0,8297557
0;0,45011607
0;0,13971515
1;0,50204563
0;0,54946285
1;0,7896685
0;0,19228831
1;0,7153264
1;0,8853325
0;0,14737062
0;0,6587323
0;0,117265776
1;0,52317035
0;0,11611831
1;0,5244869
1;0,3948713
1;0,28603727
0;0,3264368
1;0,4988823
0;0,3350891
0;0,37886348
1;0,6555203
0;0,4450872
0;0,14864169
1;0,4541729
1;0,45262784
0;0,7067884
1;0,63162655
0;0,50338256
0;0,21691987
0;0,68105507
1;0,74859345
0;0,15340893
0;0,19727252
0;0,48282254
1;0,50005823
0;0,11611831
0;0,70506585
0;0,30361804
0;0,6264417
0;0,6185716
0;0,5574235
1;0,3288865
0;0,19228831
0;0,22710076
0;0,3350891
0;0,4988823
1;0,5486294
1;0,5541427
0;0,6799354
1;0,66587174
0;0,19227758
1;0,97545606
1;0,20323707
0;0,51261413
0;0,3288865
0;0,35833588
1;0,723951
1;0,82938623
1;0,46074322
0;0,53332776
1;0,7626246
0;0,70797545
0;0,4508987
0;0,43510345
0;0,4425361
0;0,14864169
0;0,4064157
1;0,3948713
0;0,35833588
0;0,5939549
0;0,3948713
0;0,5178831
1;0,8025309
0;0,6112327
1;0,40725288
0;0,49440867
0;0,55257154
0;0,3409545
1;0,9673148
1;0,54165745
1;0,50338256
1;0,82642955
0;0,19727252
1;0,6297071
0;0,43335694
1;0,76568043
0;0,37886348
1;0,500901
1;0,41051212
0;0,10264796
0;0,24344276
0;0,3948713
0;0,15438068
1;0,72080106
1;0,5686211
0;0,5131761
0;0,63933086
0;0,43313903
0;0,11611831
0;0,55958575
0;0,2196693
1;0,6195339
1;0,65806973
0;0,117265776
0;0,15438068
1;0,89524484
0;0,13971515
0;0,6751006
0;0,6113722
0;0,50714505
0;0,11611831
1;0,65806973
0;0,5167697
0;0,5609754
0;0,78579813
0;0,4508987
1;0,5758117
1;0,39883822
0;0,7138726
1;0,52199614
0;0,31694913
0;0,5485824
0;0,558413
0;0,10957061
0;0,6741861
1;0,7836312
1;0,64031196
1;0,97145385
1;0,96831715
1;0,13971515
0;0,43652195
0;0,13971515
1;0,38799253
1;0,72482276
1;0,11611831
0;0,19244607
1;0,5945873
0;0,35833588
1;0,97675234
0;0,13711134
1;0,49252853
1;0,6714611
0;0,7202242
1;0,7191635
1;0,59522957
0;0,558413
1;0,7234345
0;0,6390028
1;0,6811254
0;0,1970697
0;0,41168973
1;0,9852036
1;0,53307444
0;0,555507
0;0,39179695
0;0,4053132
1;0,83193517
1;0,48511323
0;0,5332101
0;0,4517262
0;0,6713523
0;0,5700193
1;0,54296786
0;0,11567296
0;0,57416004
1;0,8172024
0;0,46766135
0;0,4772317
0;0,11611831
0;0,3061684
0;0,47963527
1;0,6531885
0;0,6249473
0;0,4942495
0;0,4736243
0;0,40051776
1;0,6554196
0;0,4233718
0;0,45217946
0;0,2567592
1;0,66892684
1;0,9070956
1;0,65722317
0;0,11350967
0;0,65826607
0;0,116664566
0;0,21511748
1;0,527393
1;0,500901
0;0,15438068
0;0,11611831
0;0,30688056
1;0,70387524
0;0,2940034
0;0,44975302
1;0,51365405
0;0,5256639
0;0,117265776
1;0,11350967
0;0,65296507
0;0,1970697
0;0,2182948
0;0,4233718
0;0,11611831
0;0,4489732
0;0,63429016
0;0,5290688
0;0,23008454
0;0,12839337
1;0,40082726
0;0,15438068
1;0,5980225
1;0,4731269
0;0,12839337
0;0,3901331
0;0,4736243
0;0,63813657
0;0,51610804
1;0,628063
1;0,96840245
1;0,9620483
0;0,43937245
0;0,21962367
0;0,8289251
0;0,19228831
1;0,68699527
0;0,40082726
0;0,15438068
0;0,45011607
0;0,11611831
0;0,3948713
0;0,21511748
0;0,41496193
1;0,3350891
1;0,88305926
0;0,16819145
0;0,8660283
1;0,44683415
0;0,3901331
1;0,87855554
1;0,50617754
0;0,47392547
0;0,6215487
0;0,47119102
0;0,4399155
1;0,2877011
0;0,80410165
0;0,15340893
0;0,1866152
0;0,5094171
1;0,54651195
0;0,51365405
0;0,5628438
1;0,9764287
0;0,13971515
0;0,3140644
1;0,6371013
1;0,67750436
0;0,68432516
1;0,52295417
1;0,29999575
0;0,4450872
0;0,5980225
1;0,75102836
0;0,6207076
0;0,65454745
1;0,17578787
0;0,123431675
0;0,47444516
0;0,17358714
1;0,8188969
1;0,8761373
0;0,8349497
0;0,14864169
0;0,11611831
1;0,74763364
0;0,414666
1;0,9556496
0;0,30788693
0;0,35857204
1;0,85038435
0;0,4994087
0;0,6110258
1;0,76634014
1;0,4465869
0;0,67195016
0;0,23154078
1;0,80784595
1;0,19228831
0;0,485289
1;0,11611831
1;0,9677537
0;0,22966304
0;0,4772317
0;0,5397433
0;0,6715514
0;0,7418372
1;0,62005645
0;0,28702345
1;0,79716355
0;0,41231078
1;0,4978912
0;0,6107048
1;0,68799394
1;0,70180285
0;0,4450872
0;0,55876005
1;0,80437887
0;0,33051717
1;0,80989397
0;0,45035502
1;0,54148024
1;0,69120526
0;0,44903597
1;0,6830314
0;0,66357297
0;0,3350891
0;0,21511748
0;0,11567296
0;0,40563467
0;0,19763032
0;0,15398146
0;0,19228831
0;0,5591527
0;0,10957061
1;0,67809397
0;0,45774093
0;0,5821584
1;0,68865055
1;0,43921286
0;0,7146059
1;0,96395475
0;0,75283515
1;0,51610804
1;0,96538424
0;0,10957061
1;0,72678363
0;0,6152278
0;0,6346754
0;0,19227758
0;0,5669565
0;0,63068664
1;0,37856236
0;0,4988823
1;0,71210045
1;0,516324
0;0,5150573
1;0,5452809
0;0,39811108
0;0,116664566
0;0,73660344
1;0,7575943
0;0,69904006
0;0,5744866
1;0,8561172
1;0,5666129
0;0,1698626
1;0,61949056
1;0,11469589
0;0,14737062
0;0,15340893
0;0,40725288
1;0,31209737
0;0,8082706
1;0,6980813
0;0,3901331
0;0,19228831
0;0,39106482
0;0,11350967
0;0,5332101
0;0,45011607
0;0,42438605
0;0,51546645
0;0,34192687
0;0,32823876
1;0,49197963
1;0,23149277
0;0,5543659
0;0,3242547
0;0,4983648
0;0,675136
1;0,5077878
0;0,6568594
1;0,65359855
1;0,51149935
0;0,52883303
1;0,6826627
1;0,37632555
0;0,756974
0;0,18950132
0;0,14864169
0;0,52536565
1;0,4450872
0;0,39179695
0;0,5958848
0;0,7026563
0;0,3288865
0;0,19763032
1;0,96759975
0;0,5990103
0;0,50557953
0;0,39179695
1;0,9702023
0;0,35833588
0;0,5630902
1;0,5499301
0;0,6475827
0;0,14245428
1;0,97715515
0;0,5769667
1;0,66177696
0;0,45011607
0;0,636684
0;0,28950208
1;0,7031518
0;0,52499264
0;0,12839337
0;0,7327961
0;0,52119327
0;0,11611831
1;0,5171057
1;0,5134637
0;0,43359268
0;0,3358649
0;0,26737094
1;0,6125354
0;0,7944513
0;0,71473306
0;0,35833588
0;0,19228831
1;0,5244869
0;0,2923746
0;0,30065545
1;0,66976327
1;0,6541634
1;0,66703445
1;0,42274228
0;0,4450872
0;0,78479385
1;0,7523059
0;0,4951147
0;0,29269677
0;0,66045356
1;0,5486294
1;0,6440506
1;0,8747424
0;0,11611831
1;0,5331541
1;0,88928795
0;0,6112636
0;0,3065977
1;0,9837743
0;0,23594525
0;0,6713115
1;0,5843249
0;0,54539204
1;0,63371545
0;0,3823984
1;0,7908236
0;0,5159905
0;0,115459174
1;0,4359079
1;0,6393396
0;0,19727252
0;0,8002634
1;0,6709838
1;0,4064157
0;0,8065008
0;0,5079807
0;0,43879238
0;0,46526903
0;0,85754263
0;0,20323707
0;0,69600713
0;0,83235365
1;0,4772317
0;0,62741154
0;0,6509167
1;0,5079807
0;0,11611831
1;0,29698345
0;0,30217892
0;0,5509773
0;0,5064372
0;0,115459174
0;0,62464064
1;0,11611831
1;0,67521894
1;0,727171
0;0,64073443
0;0,45011607
0;0,6070719
0;0,80429584
0;0,69222945
0;0,5758229
1;0,7758202
0;0,11611831
1;0,70769
0;0,70363533
1;0,6541981
0;0,11350967
1;0,41231078
0;0,65448534
0;0,652012
0;0,7152216
0;0,20323707
0;0,43608156
0;0,69525146
1;0,76826936
1;0,96667117
0;0,42154554
0;0,7031175
1;0,6210595
0;0,29483855
1;0,7868039
0;0,7307061
0;0,4984027
1;0,6179384
0;0,41023844
1;0,7856778
1;0,9742571
0;0,48644394
0;0,588137
0;0,26322737
1;0,5357104
0;0,3350891
1;0,75017655
0;0,303072
1;0,71260405
1;0,46925294
0;0,13971515
0;0,3350891
0;0,55304384
1;0,66351575
1;0,6699223
0;0,45606402
1;0,53332776
0;0,41265973
0;0,7374566
0;0,19227758
0;0,70591396
0;0,40563467
1;0,6427975
0;0,71582603
0;0,13971515
0;0,5223226
0;0,63262635
1;0,90329814
1;0,116664566
0;0,44922042
0;0,6460862
1;0,41231078
1;0,9493424
1;0,35857204
0;0,20323707
0;0,15438068
0;0,2541029
0;0,116664566
0;0,40725288
0;0,19763032
0;0,52504003
1;0,8205409
0;0,853507
1;0,49600738
0;0,15438068
0;0,20323707
0;0,4499661
0;0,52517223
0;0,4314699
0;0,26160142
1;0,46843114
0;0,7860879
0;0,5393881
1;0,65174
1;0,5814856
0;0,5220162
1;0,82131225
0;0,16953562
0;0,7795805
0;0,33166468
1;0,64335865
0;0,21962367
0;0,28120437
1;0,6799354
0;0,5124967
1;0,8139994
0;0,19763032
0;0,5980225
0;0,11611831
0;0,20323707
0;0,51610804
1;0,6317027
0;0,2674987
0;0,5641354
0;0,6655955
1;0,30634606
1;0,20323707
0;0,11611831
1;0,21962367
0;0,4772317
0;0,39179695
0;0,15438068
0;0,15438068
0;0,4980513
0;0,11611831
1;0,40047872
0;0,4214815
1;0,7502444
0;0,59065
0;0,5518568
0;0,3717418
0;0,38494205
0;0,34126785
0;0,5195146
0;0,10264796
0;0,45258886
1;0,38799253
1;0,5834346
0;0,16953562
0;0,27889535
0;0,4910895
0;0,4270658
0;0,60927564
1;0,6359087
0;0,12839337
0;0,47234812
0;0,40066662
0;0,49889997
0;0,5079807
0;0,6255741
1;0,45475307
1;0,5331541
1;0,12839337
0;0,20323707
0;0,7258374
0;0,4772317
0;0,11350967
1;0,41314998
1;0,97578853
1;0,9756005
0;0,52295417
0;0,7762199
1;0,715921
0;0,3580171
0;0,6440506
1;0,7792226
1;0,6982343
0;0,7512674
1;0,97299224
0;0,14245428
1;0,6211074
1;0,49819502
0;0,12839337
0;0,14864169
1;0,4933398
0;0,13971515
0;0,117265776
1;0,5648973
0;0,14245428
0;0,6320921
1;0,9714003
0;0,6985002
1;0,4053132
1;0,3338208
1;0,6827417
0;0,3904523
0;0,7192465
0;0,64390266
0;0,13971515
1;0,6775722
0;0,28927875
0;0,19228831
1;0,7863845
0;0,15438068
0;0,5466563
0;0,117265776
0;0,14825855
0;0,14864169
1;0,7465752
1;0,9629624
0;0,4772317
0;0,3948713
1;0,96397537
1;0,95948493
1;0,98088396
1;0,6113722
1;0,9428306
0;0,71014065
0;0,20323707
0;0,68387157
0;0,3429164
1;0,9763417
0;0,5434272
0;0,3901331
1;0,569044
0;0,6325642
0;0,40963674
0;0,15398146
0;0,11611831
0;0,71150136
1;0,7812904
0;0,12630382
0;0,6322954
0;0,47842416
1;0,64251155
1;0,97498035
0;0,112660006
1;0,95775265
0;0,48731822
0;0,39179695
0;0,53300935
0;0,6826627
1;0,59755987
1;0,9698219
0;0,6817177
0;0,15340893
0;0,15340893
1;0,6213418
0;0,11611831
1;0,49928492
1;0,51993775
0;0,15438068
0;0,40082726
0;0,38799253
1;0,5500175
0;0,35833588
1;0,61747867
0;0,79379797
0;0,6509807
1;0,6274592
1;0,46868193
0;0,53949225
1;0,5248573
0;0,79009134
0;0,18950132
1;0,82734555
1;0,11611831
0;0,3288865
0;0,53300935
1;0,15743677
0;0,59106755
0;0,41662174
0;0,54148024
0;0,49190214
1;0,5917957
1;0,40066662
1;0,8079165
0;0,21003617
1;0,815589
1;0,54542273
1;0,6559946
0;0,83655816
0;0,4494604
0;0,15340893
0;0,47397453
1;0,7737686
0;0,6184158
1;0,6170771
0;0,3409545
0;0,14864169
1;0,6604151
0;0,644052
0;0,38786113
0;0,38375008
0;0,4484637
1;0,10957061
0;0,5195146
0;0,4214815
0;0,13971515
0;0,6185716
0;0,51598424
0;0,5509773
0;0,6888679
0;0,16984881
1;0,53853124
0;0,51947093
1;0,7043896
0;0,4529752
1;0,41226742
1;0,4913067
0;0,6885599
1;0,82614595
0;0,11611831
0;0,6657932
0;0,08588813
0;0,54148024
1;0,70077264
0;0,15340893
1;0,5728651
1;0,61476535
1;0,53332776
0;0,11611831
1;0,2200842
1;0,5980225
0;0,13971515
0;0,6027045
0;0,31271777
0;0,21003617
1;0,4797212
0;0,19228831
1;0,62587565
0;0,3288865
0;0,31097737
0;0,11350967
0;0,6713626
0;0,5391818
1;0,5121376
1;0,21282098
0;0,48925233
0;0,12839337
1;0,6937035
0;0,3717061
0;0,57886195
0;0,15438068
0;0,12839337
0;0,3948713
1;0,14864169
0;0,21962367
0;0,44903597
1;0,54542273
0;0,6110972
0;0,12839337
0;0,65292305
0;0,31805587
0;0,11611831
1;0,81377727
0;0,5197886
0;0,54606026
0;0,45151612
1;0,5648973
0;0,15398146
0;0,6369942
1;0,1698626
1;0,5150573
1;0,9587868
1;0,8624609
1;0,24066009
1;0,35630542
0;0,6187607
0;0,5163193
0;0,7729281
0;0,36975235
0;0,51598424
1;0,91483873
1;0,83645356
0;0,6847405
0;0,14864169
0;0,19228831
1;0,77185833
0;0,19727252
1;0,46746808
0;0,32200193
0;0,513996
0;0,5549645
1;0,8263051
0;0,3948713
0;0,500901
0;0,408689
0;0,73850656
0;0,518929
1;0,81826204
1;0,58847296
0;0,69587666
1;0,4987951
0;0,11611831
0;0,6631404
0;0,11611831
1;0,5178831
0;0,5108356
0;0,62868464
0;0,47078812
0;0,5854614
1;0,3901331
1;0,19763032
0;0,19244607
1;0,80315787
1;0,21003617
0;0,09915737
1;0,15438068
0;0,5362746
0;0,11611831
1;0,28109786
0;0,19228831
0;0,70387524
1;0,63237625
0;0,11611831
1;0,64038277
1;0,66828823
1;0,29860076
0;0,11567296
1;0,9760828
0;0,23753084
0;0,38786113
0;0,13971515
0;0,11611831
0;0,38799253
0;0,15340893
1;0,4508987
0;0,46744186
0;0,4450872
0;0,11611831
1;0,4724272
0;0,14864169
1;0,7378047
0;0,69090194
0;0,4840107
1;0,74058896
1;0,5753693
1;0,7406175
0;0,2609732
0;0,41314998
0;0,60768175
0;0,49252853
1;0,67292476
0;0,13971515
0;0,49252853
1;0,7121273
1;0,51521134
0;0,20323707
0;0,19228831
1;0,95924234
0;0,19228831
0;0,33970287
0;0,5926516
0;0,117265776
1;0,83915484
0;0,14864169
1;0,65615207
1;0,6629413
1;0,6212015
0;0,4425361
0;0,19763032
1;0,4357922
1;0,52295417
1;0,80437887
1;0,5990103
0;0,086201325
0;0,42153603
0;0,23422027
0;0,6173171
1;0,8553885
0;0,13439763
1;0,4450872
1;0,7621305
0;0,55972016
0;0,3580639
0;0,5256639
0;0,49252853
1;0,5731791
0;0,500901
0;0,11567296
0;0,5167697
0;0,5486294
0;0,21962367
0;0,19763032
0;0,37632555
0;0,54468715
1;0,71138644
1;0,5452809
0;0,47717252
0;0,6557773
0;0,46526903
1;0,9681796
1;0,66892684
0;0,5108611
0;0,112660006
0;0,11350967
1;0,5131306
0;0,8015706
1;0,9568034
0;0,49817508
0;0,12630382
0;0,42153603
1;0,6667135
0;0,6399475
0;0,49252853
0;0,35833588
0;0,11611831
0;0,7191546
0;0,4053132
0;0,5916884
0;0,11611831
1;0,9703882
0;0,19771792
1;0,62144816
0;0,12839337
0;0,3901331
1;0,59168404
0;0,11611831
0;0,13971515
0;0,5332101
1;0,7664231
1;0,74218595
0;0,30308554
0;0,41231078
0;0,52489287
0;0,51151395
0;0,71670014
1;0,5846526
1;0,5353155
0;0,5171057
0;0,19228831
0;0,5310025
1;0,61682665
0;0,7840057
1;0,5232962
1;0,97161883
0;0,4265122
1;0,7071158
0;0,40082726
0;0,29589546
1;0,95698315
0;0,8329525
1;0,8720919
0;0,117265776
1;0,9764714
0;0,6194886
0;0,11611831
0;0,66538316
1;0,45396864
1;0,5992346
0;0,12839337
0;0,4210069
0;0,46961212
0;0,41231078
1;0,6210595
0;0,5839485
1;0,77492756
0;0,6687031
0;0,15438068
1;0,58612585
1;0,73333085
0;0,11611831
1;0,4846364
1;0,50592226
0;0,19228831
0;0,4780181
0;0,41820866
1;0,674427
0;0,62317544
1;0,3288865
0;0,14864169
0;0,45064738
0;0,63488805
0;0,19081578
1;0,40460077
1;0,64023507
1;0,7180187
0;0,11567296
0;0,5729726
0;0,5627353
0;0,13971515
1;0,5405639
1;0,76837367
0;0,5108356
1;0,15438068
0;0,68865055
0;0,5224062
0;0,4182375
1;0,4850859
0;0,42858467
1;0,85257626
1;0,6326383
0;0,4975655
0;0,23753084
1;0,71582603
0;0,23416542
0;0,39179695
1;0,43750533
0;0,5078656
0;0,12839337
1;0,6707909
1;0,65177673
1;0,96968096
1;0,35833588
1;0,5124967
0;0,49892247
0;0,50297374
0;0,13971515
1;0,72355527
0;0,15438068
0;0,3288865
0;0,7041029
1;0,89631456
0;0,4772317
0;0,19763032
0;0,5546913
0;0,13971515
0;0,13927342
0;0,42717764
0;0,57735085
1;0,48421654
0;0,4991194
0;0,19228831
0;0,35833588
1;0,6768498
0;0,13971515
0;0,45151612
0;0,15438068
0;0,26322737
1;0,53546745
0;0,31447297
1;0,5331541
0;0,37886348
0;0,29884884
0;0,516324
1;0,8988834
1;0,19228831
0;0,15438068
0;0,48138282
0;0,8767246
1;0,7046002
0;0,843261
0;0,5419125
0;0,5691612
0;0,7270931
1;0,19228831
0;0,4465902
0;0,5486294
0;0,4489732
0;0,7236941
