precio_total,margen,codigo_modelo_codificado,total_ventas
"18348,11","0,12300000183284282",43N79V23I13F47O31K79V41M89X47O,36926
"19779,52","0,12300000183284282",43N79V23I13G47O31K53P41M89X47O,16184
"18720,66","0,12300000183284282",37L31K71T10C47O31K13G7D10C43N,13620
"18093,64","0,12300000183284282",43N61R2A83W47O31K83W13H10C43N,13324
24034,"0,14759999670088292",73U37L23I83W47O31K10C41M10C43N,7314
"13216,53","0,11070000439882278",43N83W29J31K47O31K19I41M101Z47O,6458
"24387,87","0,14759999670088292",73U79V7D37L47O31K83W41M89X47O,6294
"24885,95","0,12300000183284282",43N53P17B13F47O37L37L,5950
"22841,15","0,14759999670088292",73U37L23I83W47O31K53P41M10C43N,5772
"19410,74","0,12300000183284282",43N61R11E41M47O31K71T41M89X47O,5290
"23852,89","0,12300000183284282",43N53P17B13F47O31K17G,5038
"25664,21","0,14759999670088292",73U17B19H31K47O31K19I41M10C43N,4598
"24018,18","0,12300000183284282",43N59Q73U29J47O37L31K10C41M10C,4558
"23195,03","0,14759999670088292",73U79V7D37L47O31K103A41M89X47O,4352
"19525,05","0,12300000183284282",43N61R2A101Z47O31K73U13H10C43N,4188
"20014,05","0,12300000183284282",43N61R2A11D47O31K71T13H10C43N,3862
"21613,22","0,12300000183284282",37L31K47O17B47O31K43N7D10C43N,3790
"24630,42","0,14759999670088292",73U37L23I11D47O31K59Q41M10C43N,3460
"17389,86","0,12300000183284282",43N79V23I13F47O31K73U13H10C43N,3426
"25823,26","0,14759999670088292",73U37L23I11D47O31K10C41M10C43N,3300
"19258,65","0,12300000183284282",43N47O13F89X47O31K53P,3292
"19183,1","0,12300000183284282",43N79V23I13F47O31K101Z41M89X47O,3230
"15960,33","0,11070000439882278",43N31K43N13F47O31K13F,2970
"18993,04","0,12300000183284282",43N47O101Z10C47O31K13G41M101Z47O,2932
"23298,41","0,12300000183284282",43N59Q31K83W47O31K59Q10C41M10C,2776
"24381,82","0,12300000183284282",37L43N89X53P47O37L59Q,2654
"20034,71","0,12300000183284282",37L31K43N61R47O31K79V7D10C43N,2406
"13547,11","0,11070000439882278",43N83W29J31K47O31K19I41M89X47O,2272
"26161,23","0,12300000183284282",43N53P17B19H47O31K23I,2172
"24018,18","0,12300000183284282",43N59Q73U29J47O37L31K71T31K89X,2022
"21753,72","0,12300000183284282",37L43N83W13G47O31K23I,2004
"20290,91","0,12300000183284282",37L31K43N79V47O31K19I7D10C43N,1998
"25067,79","0,14759999670088292",73U71T101Z5C47O31K10C,1984
"25836,36","0,12300000183284282",43N53P10C11E47O31K83W,1914
"16952,49","0,12300000183284282",43N61R2A83W47O31K79V13H10C43N,1906
"25051,24","0,12300000183284282",43N59Q73U29J47O37L47O10C41M37L,1812
"22876,94","0,14759999670088292",73U79V7D37L47O31K103A41M101Z47O,1808
"26018,09","0,14759999670088292",73U79V7D47O47O31K37L41M89X47O,1792
"12964,46","0,11070000439882278",43N59Q19H10C47O31K11E,1790
"16753,68","0,12300000183284282",43N79V23I13F47O31K71T,1774
"16125,62","0,11070000439882278",43N31K43N13F47O37L13H,1716
"29355,83","0,14759999670088292",73U41M29J71T47O31K61R41M10C43N,1716
"24153,28","0,14759999670088292",73U17B19H31K47O31K17G,1624
"26001,65","0,12300000183284282",43N53P10C11E47O31K83W10C41M10C,1598
"22489,26","0,12300000183284282",43N53P17B13F47O37L47O,1582
"30885,47","0,14759999670088292",73U79V7D83W47O31K59Q41M89X47O,1546
"26260,64","0,14759999670088292",73U37L23I13F47O31K41M41M10C43N,1508
"19195,03","0,12300000183284282",37L31K43N59Q47O31K13G7D10C43N,1486
"18414,88","0,12300000183284282",43N61R11E41M47O31K61R13H10C43N,1422
"29183,47","0,12300000183284282",43N53P10C17G47O31K19I,1392
"25167,2","0,12300000183284282",43N53P17B19H47O31K11E,1352
"28113,52","0,14759999670088292",73U37L23I17B47O31K89X41M10C43N,1330
"22819,83","0,12300000183284282",43N59Q73U29J47O31K19H,1276
"27055,86","0,14759999670088292",73U71T101Z5C47O31K11E,1274
"25051,24","0,12300000183284282",43N59Q73U29J47O37L47O71T31K89X,1260
"24471,37","0,14759999670088292",73U17B19H31K47O31K17G41M10C43N,1228
"23775,55","0,14759999670088292",59Q17B73U29J47O31K61R17G10C43N,1200
"24825,25","0,14759999670088292",73U79V7D47O47O31K47O41M89X47O,1174
"17800,2","0,12300000183284282",43N47O101Z10C47O31K12E41M101Z47O,1166
"14001,65","0,11070000439882278",43N83W29J31K47O31K11D41M101Z47O,1160
"22523,06","0,14759999670088292",73U37L23I83W47O31K53P,1148
"20300,4","0,12300000183284282",37L31K43N71T47O31K103A7D10C43N,1130
"16634,39","0,12300000183284282",43N61R2A83W47O31K79V,1116
"20266,12","0,12300000183284282",37L43N83W13G47O31K13F,1108
"20543,74","0,12300000183284282",43N79V23I13G47O37L10C41M101Z47O,1094
"21241,32","0,12300000183284282",37L43N83W41M47O37L3B,1056
"25525,05","0,12300000183284282",43N59Q31K89X47O31K71T10C41M10C,1032
"27034,71","0,12300000183284282",43N53P10C11E47O31K5C10C41M37L,1012
"26340,16","0,14759999670088292",73U71T101Z5C47O31K11D,1002
"32670,18","0,14759999670088292",73U53P3B101Z47O31K53P41M10C43N,986
"24610,54","0,12300000183284282",43N59Q31K83W47O31K89X10C41M37L,982
"24709,94","0,14759999670088292",73U17B19H31K47O31K13F,966
"23307,44","0,12300000183284282",37L43N89X53P47O37L11E,962
"29470,55","0,14759999670088292",73U41M29J71T47O31K41M41M10C43N,926
"16117,5","0,12300000183284282",43N79V23I13F47O31K61R,920
"19621,49","0,12300000183284282",37L31K71T10C47O31K17B7D10C43N,912
"25819,28","0,14759999670088292",73U79V7D37L47O31K89X41M89X47O,912
"17770,25","0,12300000183284282",37L31K71T10C47O31K89X7D10C43N,906
"20097,61","0,12300000183284282",43N83W13F41M47O31K37L41M89X47O,896
"22166,94","0,12300000183284282",37L43N83W41M47O31K59Q,894
"27851,09","0,14759999670088292",73U17B19H83W47O31K13H41M10C43N,892
"25465,41","0,14759999670088292",73U37L23I83W47O31K11D41M10C43N,870
"25326,24","0,12300000183284282",43N59Q79V5C47O31K23I10C41M10C,866
"27294,43","0,14759999670088292",73U17B19H37L47O31K103A41M10C43N,852
"28529,83","0,14759999670088292",73U79V7D73U47O31K59Q41M89X47O,848
"22927,27","0,12300000183284282",37L31K37L43N47O31K13H7D10C43N,836
"23775,55","0,14759999670088292",59Q17B83W29J47O31K59Q17G10C43N,836
"26158,89","0,14759999670088292",73U79V7D71T47O31K71T41M89X47O,820
"28487,28","0,14759999670088292",73U17B19H89X47O31K11E41M10C43N,812
"28387,87","0,12300000183284282",43N53P17B19H47O31K19H,808
"28328,23","0,14759999670088292",73U41M43N13F47O31K89X41M10C43N,802
"27695,87","0,12300000183284282",43N53P10C11E47O31K101Z,782
"13295,04","0,11070000439882278",43N59Q19H10C47O31K11E5C10C43N,760
"17439,67","0,12300000183284282",37L31K71T10C47O31K89X,758
"23039,96","0,14759999670088292",73U17B19H31K47O31K5C,748
"13377,69","0,11070000439882278",43N83W29J31K47O31K19I5C10C43N,746
"22749,7","0,12300000183284282",37L43N89X31K47O31K19H,744
"23819,83","0,12300000183284282",37L43N89X53P47O31K19H,738
"31000,19","0,14759999670088292",73U79V7D83W47O31K47O41M89X47O,732
"25712,4","0,12300000183284282",43N53P17B13F47O31K23I,728
"28487,28","0,14759999670088292",73U41M47O17G47O31K11D41M10C43N,722
"32510,71","0,14759999670088292",73U17B19H79V47O31K71T41M10C43N,708
"25584,69","0,14759999670088292",73U37L23I83W47O31K12E41M10C43N,706
"24795,04","0,12300000183284282",37L43N83W71T47O31K103A,688
"20805,16","0,12300000183284282",43N47O13F83W47O31K41M,678
"21807,36","0,12300000183284282",43N79V23I13G47O31K61R41M89X47O,662
"28150,41","0,12300000183284282",43N53P10C17G47O31K89X,658
27200,"0,12300000183284282",43N53P17B13F47O37L31K,656
"29237,28","0,14759999670088292",73U17B19H71T47O31K53P41M10C43N,654
"13047,11","0,11070000439882278",43N83W29J31K47O31K19I,648
"26320,28","0,12300000183284282",43N59Q79V5C47O37L43N71T31K89X,642
"23199,01","0,12300000183284282",43N79V29J37L47O31K53P41M89X47O,640
"27902,48","0,14759999670088292",59Q17B89X17G47O31K47O17G10C43N,636
"13708,26","0,11070000439882278",43N59Q19H10C47O31K17G17B47O89X,634
"25208,26","0,12300000183284282",37L43N89X53P47O37L47O,630
"25326,24","0,12300000183284282",43N59Q79V5C47O31K23I71T31K89X,628
"14080,17","0,11070000439882278",43N59Q19H10C47O31K13H5C10C43N,610
"18503,18","0,12300000183284282",43N79V23I13G47O31K73U13H10C43N,602
"24888,87","0,14759999670088292",59Q41M31K61R47O31K71T41M89X47O,602
"32789,46","0,14759999670088292",73U53P3B101Z47O31K59Q41M10C43N,594
"26161,23","0,14759999670088292",59Q41M31K61R47O31K73U41M89X47O,582
"29348,76","0,12300000183284282",43N53P10C11E47O31K10C,574
"27449,5","0,14759999670088292",73U79V7D47O47O31K41M41M89X47O,572
"16952,07","0,11070000439882278",43N31K43N13F47O37L37L,560
"28208,26","0,14759999670088292",59Q17B83W11E47O31K37L17G10C43N,560
"26320,28","0,12300000183284282",43N59Q79V5C47O37L43N10C41M37L,556
"25028,03","0,14759999670088292",73U17B19H31K47O31K13F41M10C43N,556
"28232,8","0,14759999670088292",73U37L23I17B47O31K101Z41M10C43N,556
"25505,79","0,12300000183284282",43N53P11D7D47O31K13F,546
"20923,71","0,12300000183284282",43N79V29J31K47O31K47O41M89X47O,532
"25799,4","0,14759999670088292",89X43N17G47O47O37L13G41M89X47O,516
"30155,07","0,14759999670088292",73U17B19H71T47O31K59Q41M10C43N,512
"29348,76","0,12300000183284282",43N53P10C17G47O31K19I10C41M37L,508
"13749,59","0,11070000439882278",43N59Q19H10C47O31K13H,492
"24312,33","0,14759999670088292",73U37L23I11D47O31K59Q,486
"26580,17","0,14759999670088292",59Q17B83W7D47O31K61R17G10C43N,484
"18729,82","0,12300000183284282",43N61R2A83W47O31K89X13H10C43N,480
"20278,51","0,12300000183284282",43N61R11E41M47O31K83W41M89X47O,476
"26578,73","0,14759999670088292",73U41M43N13F47O31K43N,470
"28745,73","0,12300000183284282",43N59Q37L41M47O37L11E10C41M37L,466
"14332,23","0,11070000439882278",43N83W29J31K47O31K11D41M89X47O,466
"25346,12","0,14759999670088292",73U17B19H83W47O31K7D,458
"24749,7","0,14759999670088292",89X43N3B101Z47O31K79V83W10C43N,456
"27274,38","0,12300000183284282",37L43N83W71T47O31K79V,454
"31592,93","0,14759999670088292",73U17B19H79V47O31K61R41M10C43N,446
"28315,7","0,12300000183284282",43N53P10C17G47O31K89X10C41M10C,440
"18065,81","0,12300000183284282",43N47O13F89X47O31K37L,436
"28644,55","0,14759999670088292",73U79V7D73U47O31K47O41M89X47O,436
"27373,96","0,14759999670088292",73U37L23I11D47O31K12E41M10C43N,434
"15241,32","0,11070000439882278",43N71T7D11D47O31K73U41M101Z47O,432
"22344,14","0,12300000183284282",43N59Q31K83W47O31K47O,426
"27254,67","0,14759999670088292",73U37L23I11D47O31K11D41M10C43N,418
"26861,16","0,12300000183284282",37L43N89X53P47O37L101Z,416
"21859,05","0,12300000183284282",37L43N89X31K47O41M13G,408
"18183,47","0,12300000183284282",37L31K43N61R47O31K101Z7D10C43N,406
"30009,92","0,12300000183284282",43N53P10C17G47O31K103A,404
"26837,18","0,12300000183284282",43N59Q31K89X47O31K101Z10C41M37L,402
"25381,91","0,14759999670088292",73U79V7D89X47O31K11D41M89X47O,402
"27628,43","0,14759999670088292",89X43N17G47O47O31K13G41M89X47O,394
"15237,19","0,11070000439882278",43N83W29J31K47O31K12E5C10C43N,392
"18861,03","0,12300000183284282",43N47O13F89X47O31K103A,380
"22580,17","0,12300000183284282",37L43N83W13G47O37L37L,376
"21206,96","0,14759999670088292",73U79V7D37L47O31K73U41M101Z47O,376
"20679,34","0,12300000183284282",37L43N83W41M47O31K37L,374
"18497,52","0,12300000183284282",43N61R2A11D47O31K61R,368
"30154,55","0,09839999780058861",43N89X11E71T47O31K53P,366
"27433,6","0,12300000183284282",43N59Q37L41M47O31K101Z10C41M10C,360
"25664,21","0,14759999670088292",73U17B19H83W47O31K7D41M10C43N,360
"12881,82","0,11070000439882278",43N83W29J31K47O37L59Q,358
"19540,95","0,12300000183284282",43N79V23I13F47O31K83W41M89X47O,354
"14456,2","0,11070000439882278",43N71T7D11D47O37L103A41M101Z47O,350
"29183,47","0,12300000183284282",43N53P10C11E47O31K103A,348
"24778,51","0,12300000183284282",37L59Q61R61R47O31K101Z,348
"26580,17","0,14759999670088292",59Q17B101Z3B47O31K59Q17G10C43N,348
"22149,3","0,12300000183284282",43N61R2A10C47O31K59Q13H10C43N,346
"29238,77","0,14759999670088292",59Q17B83W3B47O31K47O17G10C43N,340
"25799,4","0,14759999670088292",89X43N17G47O47O31K10C41M89X47O,334
"24888,87","0,14759999670088292",59Q10C71T3B47O31K61R41M89X47O,332
"15567,77","0,11070000439882278",43N59Q23I37L47O31K101Z5C10C43N,328
"12385,95","0,11070000439882278",43N83W29J31K47O31K17B,326
"23720,66","0,12300000183284282",37L43N83W71T47O37L103A,324
"21171,17","0,14759999670088292",73U37L23I83W47O31K43N41M10C43N,322
"26373,55","0,12300000183284282",43N53P17B13F47O37L41M,320
"23811,33","0,14759999670088292",89X43N17G43N47O37L11E41M89X47O,320
"23083,7","0,12300000183284282",37L31K37L47O47O31K53P7D10C43N,318
"18185,09","0,12300000183284282",43N79V23I13G47O31K73U,316
"18828,1","0,12300000183284282",43N61R2A11D47O31K61R13H10C43N,316
"25938,57","0,14759999670088292",73U79V7D37L47O31K101Z41M89X47O,316
"30264,61","0,14759999670088292",89X53P19H41M47O31K5C83W10C43N,316
"17852,89","0,12300000183284282",37L31K43N61R47O31K101Z,314
"31497,52","0,12300000183284282",43N53P10C17G47O31K17B,314
"23795,43","0,14759999670088292",89X43N3B59Q47O31K83W83W10C43N,314
"24507,16","0,14759999670088292",73U79V7D47O47O31K47O41M101Z47O,312
"19522,31","0,12300000183284282",37L43N83W13G47O31K11E,310
"14177,14","0,11070000439882278",43N71T7D13F47O31K53P41M101Z47O,308
"18348,11","0,12300000183284282",43N79V23I13F47O31K79V13H10C43N,308
"25226,84","0,12300000183284282",43N79V29J37L47O31K61R41M89X47O,306
"20375,94","0,12300000183284282",43N79V23I13F47O31K89X41M89X47O,306
"28725,84","0,14759999670088292",73U71T89X13F47O31K13G,306
"19340,5","0,12300000183284282",37L31K43N79V47O31K89X7D10C43N,304
"26896,82","0,14759999670088292",73U41M43N13F47O31K43N41M10C43N,302
"15571,9","0,11070000439882278",43N71T7D11D47O31K73U41M89X47O,300
"22892,84","0,12300000183284282",37L43N89X31K47O41M5C,300
"26956,46","0,12300000183284282",43N53P17B19H47O31K17G,292
"11972,73","0,11070000439882278",43N83W23I73U47O31K83W,290
"23318,29","0,14759999670088292",73U53P13F23I47O31K31K,288
"25877,69","0,12300000183284282",43N59Q73U29J47O37L53P71T31K89X,286
"26737,77","0,14759999670088292",73U71T89X13F47O31K79V,286
"14452,07","0,11070000439882278",43N71T7D11D47O31K17G5C10C43N,282
"30753,72","0,12300000183284282",43N53P10C11E47O41M89X10C97Y47O,280
"20809,34","0,12300000183284282",37L59Q71T43N47O31K41M,280
"30713,92","0,14759999670088292",73U41M47O19H47O31K89X41M10C43N,280
"30972,37","0,12300000183284282",43N59Q37L41M47O31K103A10C41M37L,278
"17753,72","0,12300000183284282",43N61R11E41M47O31K41M,276
"17985,12","0,11070000439882278",43N61R83W19H47O37L37L,276
"20252,68","0,12300000183284282",43N47O13F89X47O31K61R,276
"26976,34","0,14759999670088292",89X53P5C101Z47O31K37L17B17B101Z,270
"18383,9","0,12300000183284282",43N61R2A101Z47O31K71T13H10C43N,268
"22993,39","0,12300000183284282",37L43N83W41M47O31K53P,268
"20972,37","0,12300000183284282",43N79V23I13G47O31K59Q41M89X47O,262
"26737,77","0,14759999670088292",73U41M47O17G47O31K59Q,262
"19009,92","0,12300000183284282",37L31K43N79V47O31K89X,254
"24769,58","0,14759999670088292",59Q41M31K61R47O31K71T17G10C43N,254
"26161,23","0,14759999670088292",59Q10C71T3B47O31K71T41M89X47O,252
"31662,81","0,12300000183284282",43N53P10C17G47O31K17B10C41M37L,250
"26041,95","0,14759999670088292",59Q41M31K61R47O31K73U17G10C43N,246
"30157,26","0,14759999670088292",73U17B19H89X47O31K103A41M10C43N,240
"26340,16","0,14759999670088292",73U17B19H37L47O31K13H,240
"23704,13","0,12300000183284282",37L59Q61R61R47O31K73U,238
"29238,77","0,14759999670088292",59Q17B89X13F47O31K47O17G10C43N,232
"23811,33","0,14759999670088292",89X43N17G43N47O31K13H41M89X47O,232
"27592,64","0,12300000183284282",43N53P17B19H47O37L31K,230
"28286,78","0,024599999450147153",43N89X11E71T47O31K37L,228
"20698,01","0,12300000183284282",37L31K71T17B47O31K59Q7D10C43N,228
"28010,14","0,14759999670088292",73U71T89X13F47O31K83W,228
"25544,93","0,14759999670088292",73U41M61R11E47O31K71T41M10C43N,228
"30154,55","0,09839999780058861",43N89X11E71T47O31K61R,226
"15402,48","0,11070000439882278",43N31K43N13F47O37L59Q,226
"28204,97","0,14759999670088292",73U79V7D10C47O31K59Q41M89X47O,226
"27568,79","0,14759999670088292",73U79V7D47O47O31K43N41M89X47O,222
"20717,89","0,12300000183284282",43N61R2A17B47O31K61R13H10C43N,218
"14204,13","0,11070000439882278",43N59Q19H11D47O31K17B,218
"26896,82","0,14759999670088292",73U17B19H83W47O31K11E,218
"22315,71","0,12300000183284282",37L43N83W41M47O37L13G,216
"27109,09","0,12300000183284282",37L43N89X59Q47O37L53P,216
"15567,77","0,11070000439882278",43N31K43N13F47O31K19H,212
"13212,4","0,11070000439882278",43N83W29J31K47O37L59Q5C10C43N,212
"28596,69","0,12300000183284282",37L43N89X59Q47O37L43N,212
"32204,97","0,14759999670088292",59Q17B53P17G47O31K43N41M89X47O,212
"14786,78","0,11070000439882278",43N71T7D11D47O37L103A41M89X47O,208
"25621,49","0,12300000183284282",37L43N83W71T47O31K89X,208
"19779,52","0,12300000183284282",43N79V23I13G47O31K53P13H10C43N,208
"29540,95","0,12300000183284282",43N59Q37L41M47O31K10C10C41M37L,206
"22514,05","0,12300000183284282",37L31K47O17B47O31K59Q7D10C43N,206
"27115,51","0,12300000183284282",43N59Q79V5C47O37L47O71T31K89X,206
"14121,49","0,11070000439882278",43N71T7D11D47O31K17G,204
"20853,08","0,14759999670088292",73U37L23I83W47O31K43N,204
"31334,19","0,14759999670088292",73U37L29J31K47O31K89X41M10C43N,202
"25067,79","0,14759999670088292",89X43N3B101Z47O31K11D83W10C43N,202
"17164,02","0,12300000183284282",43N47O101Z10C47O31K10C41M101Z47O,200
"26876,94","0,14759999670088292",59Q41M13F101Z47O31K79V,200
"28964,41","0,14759999670088292",73U17B19H37L47O31K101Z41M10C43N,200
"30304,37","0,14759999670088292",89X53P19H41M47O37L59Q83W10C43N,196
"26876,94","0,14759999670088292",59Q41M11D79V47O31K61R,196
"21525,05","0,14759999670088292",73U79V7D37L47O31K73U41M89X47O,194
"34312,33","0,14759999670088292",73U43N11E31K47O31K59Q41M89X47O,192
"26695,87","0,12300000183284282",37L43N89X53P47O37L41M,188
"23147,32","0,12300000183284282",37L43N83W43N47O31K61R,186
"26447,51","0,14759999670088292",89X53P19H37L47O31K13H83W10C43N,186
"30828,11","0,14759999670088292",73U71T101Z17G47O31K5C,186
"15319,83","0,11070000439882278",43N59Q19H11D47O31K83W5C10C43N,184
"21604,96","0,12300000183284282",37L31K71T11D47O31K83W7D10C43N,184
"25783,5","0,14759999670088292",73U17B19H37L47O31K13G,184
"20662,81","0,12300000183284282",37L31K47O17B47O31K31K7D10C43N,182
"22761,63","0,14759999670088292",89X31K17G13G47O31K73U83W10C43N,180
"26695,87","0,12300000183284282",37L43N83W73U47O37L89X,178
"31039,96","0,14759999670088292",73U53P3B83W47O31K53P41M10C43N,178
"25405,77","0,12300000183284282",43N59Q31K83W47O31K103A10C41M37L,172
"20161,23","0,12300000183284282",43N61R2A101Z47O31K59Q13H10C43N,170
"28286,78","0,024599999450147153",43N89X11E71T47O31K41M,166
"17429,62","0,12300000183284282",43N47O13F89X47O31K83W,164
"26181,11","0,14759999670088292",89X43N3B17B47O31K37L83W10C43N,164
"29009,92","0,12300000183284282",37L43N83W73U47O31K101Z,162
"25604,57","0,14759999670088292",59Q41M13F101Z47O31K61R,162
"27055,86","0,14759999670088292",73U41M47O17G47O31K59Q41M10C43N,160
"33338,17","0,14759999670088292",73U41M47O19H47O31K53P41M10C43N,160
"18084,3","0,12300000183284282",43N61R11E41M47O31K41M13H10C43N,158
"29126,39","0,14759999670088292",73U79V7D79V47O31K73U41M89X47O,156
"27334,19","0,14759999670088292",73U17B19H31K47O31K13G41M10C43N,156
"22761,63","0,14759999670088292",89X43N3B89X47O31K41M83W10C43N,156
"12551,24","0,11070000439882278",43N59Q19H10C47O31K7D,154
"19410,74","0,12300000183284282",43N61R11E41M47O31K71T13H10C43N,154
"27632,41","0,12300000183284282",43N59Q31K89X47O31K53P10C41M37L,152
"25208,26","0,12300000183284282",37L43N89X59Q47O37L11E,150
"31311,57","0,09839999780058861",43N89X11E71T47O31K59Q,150
"31311,57","0,09839999780058861",43N89X11E71T47O31K71T,150
"28272,56","0,14759999670088292",73U37L23I13G47O31K11D41M10C43N,150
"29348,76","0,12300000183284282",43N53P10C11E47O31K103A10C41M37L,146
"30175,21","0,12300000183284282",43N53P10C17G47O31K103A10C41M37L,146
"31662,81","0,12300000183284282",43N53P10C17G47O31K11D,146
"22761,63","0,14759999670088292",89X43N3B89X47O31K73U83W10C43N,146
"24049,9","0,14759999670088292",89X43N13F13G47O31K103A41M89X47O,144
"25671,07","0,12300000183284282",43N53P11D7D47O31K13F10C41M10C,142
"23076,03","0,12300000183284282",37L43N89X53P47O31K23I,140
"30204,97","0,14759999670088292",73U53P3B89X47O31K61R41M10C43N,138
"31886,88","0,12300000183284282",43N53P11D3B47O31K83W,134
"25063,82","0,14759999670088292",73U79V7D89X47O31K11D41M101Z47O,134
"25242,74","0,14759999670088292",89X43N17G43N47O31K3B41M89X47O,132
"25877,69","0,12300000183284282",43N59Q73U29J47O37L53P10C41M37L,130
"21076,03","0,12300000183284282",37L31K37L43N47O31K53P7D10C43N,130
"23855,07","0,14759999670088292",59Q41M31K61R47O31K59Q41M89X47O,130
"31516,44","0,14759999670088292",73U41M47O5C47O31K71T41M10C43N,130
"22324,25","0,12300000183284282",43N61R11E53P47O31K53P41M89X47O,128
"14534,71","0,11070000439882278",43N59Q19H11D47O31K17B5C10C43N,128
"28924,65","0,14759999670088292",73U17B19H31K47O31K13H41M10C43N,128
"24233,06","0,12300000183284282",37L43N83W71T47O31K17B,126
"22480,99","0,12300000183284282",37L43N89X73U47O31K13F,126
"14823,97","0,11070000439882278",43N59Q19H13G47O31K59Q5C10C43N,126
"26483,3","0,14759999670088292",73U43N7D83W47O31K101Z41M10C43N,126
"28725,84","0,14759999670088292",89X53P29J59Q47O31K79V83W10C43N,126
"26181,11","0,14759999670088292",89X43N3B101Z47O31K83W83W10C43N,126
"20892,84","0,12300000183284282",43N61R11E47O47O31K31K41M89X47O,124
"31159,24","0,14759999670088292",73U53P3B83W47O31K59Q41M10C43N,124
"28546,92","0,12300000183284282",43N59Q79V5C47O37L37L71T31K89X,122
"23290,46","0,12300000183284282",37L43N83W43N47O37L5C,122
"27012,13","0,14759999670088292",73U79V7D10C47O31K83W41M89X47O,122
"26936,58","0,14759999670088292",89X53P29J59Q47O31K73U83W10C43N,122
"26101,59","0,14759999670088292",73U41M61R11E47O31K13H41M10C43N,122
"28514,53","0,14759999670088292",73U79V7D79V47O31K83W41M89X47O,120
"23457,46","0,14759999670088292",59Q17B73U29J47O31K61R,120
27533,"0,14759999670088292",73U17B19H89X47O31K19I,120
"29390,25","0,14759999670088292",73U17B19H71T47O31K79V41M10C43N,118
"24976,34","0,12300000183284282",37L43N89X31K47O37L31K,116
"25720,66","0,12300000183284282",37L43N89X59Q47O37L59Q,116
"21843,14","0,12300000183284282",37L59Q71T43N47O31K31K,116
"26479,32","0,14759999670088292",59Q41M31K71T47O31K79V41M89X47O,116
"29703,98","0,14759999670088292",73U37L23I13G47O31K17B41M10C43N,116
"32434,23","0,14759999670088292",73U41M47O5C47O31K59Q41M10C43N,116
"28320,28","0,14759999670088292",89X31K13F71T47O37L11D17B53P37L,116
"26070,94","0,14759999670088292",73U17B19H43N47O31K103A41M10C43N,116
"26515,11","0,14759999670088292",89X43N17G47O47O37L12E41M89X47O,116
"14495,23","0,11070000439882278",43N71T7D13F47O31K53P41M89X47O,114
"27365,29","0,12300000183284282",43N59Q73U29J47O37L41M71T31K89X,114
"23544,93","0,12300000183284282",37L43N89X31K47O31K23I,114
"12803,31","0,11070000439882278",43N83W23I73U47O31K13H41M101Z47O,114
"21986,28","0,14759999670088292",89X53P17G13G47O37L47O,114
"29358,05","0,14759999670088292",59Q17B89X13F47O31K53P17G10C43N,112
"31250,7","0,14759999670088292",59Q17B53P17G47O31K47O41M89X47O,112
"24749,7","0,14759999670088292",89X31K13F71T47O31K13F83W10C43N,112
"30157,26","0,14759999670088292",73U41M47O17G47O31K12E41M10C43N,112
"23620,48","0,12300000183284282",43N61R2A10C47O31K71T13H10C43N,110
"32085,69","0,14759999670088292",59Q17B53P17G47O31K43N17G10C43N,110
"21807,36","0,14759999670088292",89X31K3B101Z47O31K3B83W10C43N,110
"27737,19","0,14759999670088292",59Q41M37L31K47O31K83W41M89X47O,110
"16435,59","0,12300000183284282",43N79V23I13F47O31K61R13H10C43N,108
"24216,53","0,12300000183284282",37L43N83W13G47O41M13G,108
"30952,49","0,14759999670088292",73U41M43N13F47O31K47O41M10C43N,108
"25818,55","0,14759999670088292",73U17B19H61R47O31K11D41M10C43N,108
"30139,77","0,14759999670088292",73U71T101Z17G47O31K17B,108
"22061,83","0,14759999670088292",89X43N13F13F47O31K19I41M89X47O,108
"22220,87","0,14759999670088292",89X53P13F11D47O31K11E41M89X47O,108
"20675,21","0,12300000183284282",43N61R2A11D47O31K73U13H10C43N,106
"28427,63","0,14759999670088292",59Q17B89X23I47O31K71T17G10C43N,106
"27230,82","0,14759999670088292",89X43N17G53P47O37L53P41M89X47O,106
"24472,73","0,12300000183284282",43N53P10C11E47O31K73U,104
"29063,82","0,12300000183284282",43N59Q31K89X47O31K83W10C41M37L,104
"23358,05","0,14759999670088292",73U17B19H31K47O31K5C41M10C43N,104
"23457,46","0,14759999670088292",59Q17B83W29J47O31K59Q,104
"34431,61","0,14759999670088292",73U43N11E31K47O31K47O41M89X47O,104
"28761,98","0,12300000183284282",37L43N89X59Q47O37L103A,102
"31828,1","0,12300000183284282",43N53P10C17G47O31K11D10C41M37L,102
"24769,58","0,14759999670088292",59Q10C71T3B47O31K61R17G10C43N,102
"18266,12","0,12300000183284282",37L31K71T10C47O31K101Z7D10C43N,102
"27453,48","0,14759999670088292",73U71T17B3B47O31K73U,102
"28100,83","0,12300000183284282",37L43N89X53P47O41M13G7D97Y47O,100
"26578,73","0,14759999670088292",89X43N3B101Z47O31K61R83W10C43N,100
"24352,09","0,14759999670088292",73U41M61R11E47O31K61R,100
"24117,36","0,12300000183284282",37L59Q59Q13G47O37L59Q,98
"24288,47","0,14759999670088292",89X43N17G43N47O31K12E41M89X47O,98
"30753,68","0,14759999670088292",89X53P29J61R47O31K73U83W10C43N,96
"28924,65","0,14759999670088292",89X53P29J61R47O31K79V83W10C43N,96
"30554,87","0,14759999670088292",73U17B19H37L47O31K10C41M10C43N,96
"26249,59","0,14759999670088292",59Q17B83W7D47O31K61R,96
"25902,48","0,12300000183284282",37L31K37L43N47O31K19I7D10C43N,94
"22642,35","0,14759999670088292",73U37L23I11D47O31K47O,94
"26101,59","0,14759999670088292",73U17B19H37L47O31K13G41M10C43N,94
"32204,97","0,14759999670088292",59Q37L13G17B47O31K43N41M89X47O,94
"20332,23","0,12300000183284282",37L31K47O17B47O31K31K,92
"29059,5","0,14759999670088292",59Q41M37L31K47O31K103A41M89X47O,92
"31453,48","0,14759999670088292",73U37L29J31K47O31K101Z41M10C43N,92
"29998,21","0,14759999670088292",73U41M43N13F47O31K101Z41M10C43N,92
"13832,23","0,11070000439882278",43N83W29J31K47O31K11D,90
"28113,52","0,14759999670088292",73U17B19H53P47O31K11D41M10C43N,90
"21323,97","0,12300000183284282",37L43N89X73U47O31K17G,88
"22109,54","0,12300000183284282",43N61R3B31K47O31K47O13H10C43N,88
"22475,35","0,14759999670088292",89X53P29J47O47O37L53P,88
"26249,59","0,14759999670088292",59Q17B101Z3B47O31K59Q,88
"21919,01","0,12300000183284282",37L43N89X73U47O31K11E,86
"32682,11","0,12300000183284282",43N53P11D3B47O31K83W10C41M37L,86
"20084,3","0,12300000183284282",37L43N83W41M47O37L13H,86
"15402,48","0,11070000439882278",43N71T7D11D47O31K73U5C10C43N,86
"31775,55","0,14759999670088292",59Q17B83W19H47O31K37L17G10C43N,86
"29358,05","0,14759999670088292",59Q17B83W3B47O31K53P17G10C43N,86
"28109,09","0,09839999780058861",43N89X11E71T47O31K31K,84
"21761,19","0,12300000183284282",43N47O13F83W47O31K47O,84
"27751,69","0,14759999670088292",59Q41M31K71T47O31K53P41M89X47O,84
"31131,41","0,14759999670088292",59Q17B53P17G47O31K47O17G10C43N,84
"24142,15","0,12300000183284282",43N53P11D7D47O37L43N,82
22874,"0,12300000183284282",43N79V29J31K47O31K59Q41M89X47O,82
"13133,88","0,11070000439882278",43N83W23I73U47O31K13H41M89X47O,82
"23142,15","0,12300000183284282",37L43N83W41M47O37L12E,82
"25191,74","0,12300000183284282",37L59Q59Q13G47O31K13F,82
"23572,76","0,14759999670088292",89X53P13F13F47O31K7D41M89X47O,82
"31921,8","0,14759999670088292",73U17B19H73U47O31K11D41M10C43N,82
"30936,58","0,14759999670088292",73U17B19H10C47O31K83W41M10C43N,82
"22125,45","0,12300000183284282",43N83W13F41M47O31K43N41M89X47O,80
"28964,41","0,14759999670088292",73U41M47O19H47O31K47O,80
"31111,53","0,14759999670088292",73U41M47O17G47O31K61R41M10C43N,80
"20745,45","0,12300000183284282",37L31K37L43N47O31K53P,78
"27115,51","0,12300000183284282",43N59Q79V5C47O37L47O10C41M37L,78
"20678,13","0,12300000183284282",43N61R2A13G47O31K47O13H10C43N,78
"15237,19","0,11070000439882278",43N59Q23I37L47O31K101Z,78
"15529,03","0,11070000439882278",43N71T7D13F47O31K59Q41M89X47O,78
"27294,43","0,14759999670088292",73U17B19H89X47O31K13H41M10C43N,78
"27628,43","0,14759999670088292",89X43N17G47O47O37L13F41M89X47O,78
"27155,27","0,14759999670088292",59Q17B83W5C47O31K73U17G10C43N,78
"27751,69","0,12300000183284282",43N53P11D13F47O37L31K,76
"15319,83","0,11070000439882278",43N59Q19H10C47O31K3B5C10C43N,76
"25811,33","0,14759999670088292",89X53P17G13G47O37L13H83W97Y47O,76
"29521,07","0,14759999670088292",73U17B19H83W47O31K12E41M10C43N,76
"26658,25","0,14759999670088292",73U17B19H37L47O31K13H41M10C43N,76
"23155,27","0,14759999670088292",73U79V7D47O47O31K31K41M89X47O,76
"24288,47","0,14759999670088292",89X43N17G43N47O41M59Q41M89X47O,76
"32920,68","0,14759999670088292",59Q41M13G43N47O31K53P,76
"25604,57","0,14759999670088292",59Q41M11D79V47O31K79V,76
"27522,31","0,12300000183284282",37L43N83W73U47O31K11D,74
"18065,81","0,12300000183284282",43N61R2A101Z47O31K71T,74
"26515,11","0,14759999670088292",89X43N17G47O47O31K17B41M89X47O,74
"25147,32","0,14759999670088292",89X43N3B101Z47O31K59Q83W10C43N,74
"27851,09","0,14759999670088292",73U17B19H89X47O31K19I41M10C43N,74
"26041,95","0,14759999670088292",59Q10C71T3B47O31K71T17G10C43N,72
"28904,77","0,12300000183284282",43N59Q37L31K47O31K13G10C41M37L,72
"27092,56","0,12300000183284282",37L59Q61R61R47O31K83W,72
"12881,82","0,11070000439882278",43N59Q19H10C47O31K7D5C10C43N,72
"31250,7","0,14759999670088292",59Q37L13G17B47O31K47O41M89X47O,72
"25147,32","0,14759999670088292",89X31K13F71T47O31K19H83W10C43N,72
"14452,07","0,11070000439882278",43N59Q23I37L47O31K83W,70
"26181,11","0,14759999670088292",89X31K13F71T47O37L71T83W10C43N,70
"29059,5","0,14759999670088292",59Q37L13G13F47O31K11D41M89X47O,70
"27079,72","0,14759999670088292",73U37L23I13G47O31K41M41M10C43N,70
"30423,66","0,14759999670088292",89X53P19H61R47O31K89X83W10C43N,70
"33199,01","0,12300000183284282",43N59Q37L59Q47O31K11D10C41M37L,68
"21715,9","0,12300000183284282",37L43N83W43N47O31K71T,68
"22256,66","0,12300000183284282",37L43N83W43N47O37L12E,68
"22960,44","0,14759999670088292",73U37L23I11D47O31K47O41M10C43N,68
"23000,2","0,14759999670088292",73U41M61R11E47O31K59Q,68
"27751,69","0,12300000183284282",43N53P10C5C47O31K11D,66
"26757,65","0,12300000183284282",43N53P11D13F47O31K13F,66
"25621,49","0,12300000183284282",37L43N83W73U47O37L10C,66
"28741,75","0,14759999670088292",89X43N17G53P47O31K71T41M89X47O,66
"28427,63","0,14759999670088292",59Q17B83W5C47O31K41M17G10C43N,66
"29362,03","0,14759999670088292",89X53P5C17B47O31K37L17B17B101Z,66
"23795,43","0,14759999670088292",89X41M29J37L47O31K13H83W10C43N,66
"25604,96","0,12300000183284282",37L59Q61R61R47O31K89X,64
"12551,24","0,11070000439882278",43N59Q19H17B47O31K12E,64
"11311,57","0,11070000439882278",43N59Q19H17B47O31K10C,64
"19423,14","0,12300000183284282",37L31K71T11D47O31K89X,64
"28268,59","0,14759999670088292",59Q37L13G13G47O31K103A41M89X47O,64
"28010,14","0,14759999670088292",73U71T101Z5C47O31K13G,64
"27751,69","0,12300000183284282",43N59Q79V5C47O37L31K71T31K89X,62
"14782,64","0,11070000439882278",43N59Q23I37L47O31K83W5C10C43N,62
"23688,07","0,12300000183284282",37L43N89X31K47O41M7D,62
"22894,21","0,12300000183284282",37L43N83W89X47O31K41M,62
"27214,91","0,14759999670088292",73U17B19H83W47O31K11E41M10C43N,62
"24193,04","0,14759999670088292",89X31K17G13G47O31K31K83W10C43N,62
"25242,74","0,14759999670088292",89X43N17G43N47O37L19H41M89X47O,62
"29803,31","0,14759999670088292",59Q41M13F43N47O31K12E,62
"27632,41","0,14759999670088292",59Q41M31K71T47O31K53P17G10C43N,62
"17357,02","0,12300000183284282",37L31K71T10C47O31K83W7D10C43N,60
"12138,02","0,11070000439882278",43N59Q19H17B47O31K11D,60
"26704,13","0,12300000183284282",43N53P11D7D47O37L31K10C41M37L,60
"18200,99","0,12300000183284282",37L31K43N71T47O31K101Z,60
"29306,36","0,14759999670088292",73U17B19H101Z47O31K73U41M10C43N,60
"23159,24","0,14759999670088292",89X43N3B59Q47O31K61R83W10C43N,60
"30097,61","0,12300000183284282",43N59Q37L31K47O31K101Z10C97Y47O,58
"19696,02","0,12300000183284282",37L59Q71T43N47O31K37L,58
"27365,29","0,12300000183284282",43N53P11D7D47O31K19H,58
"29803,31","0,14759999670088292",59Q41M13G47O47O31K10C,58
"28480,99","0,14759999670088292",59Q41M13G47O47O31K101Z,58
"31966,4","0,14759999670088292",59Q41M13G43N47O31K43N,58
"26117,5","0,14759999670088292",89X43N17G47O47O31K13H41M89X47O,58
"30157,26","0,14759999670088292",73U41M43N13F47O31K103A41M10C43N,58
"23009,92","0,12300000183284282",37L31K43N61R47O31K83W7D10C43N,56
"21318,29","0,12300000183284282",37L43N89X31K47O31K11E,56
"31662,81","0,12300000183284282",43N53P10C23I47O31K83W10C41M37L,56
"31369,98","0,14759999670088292",59Q17B53P17G47O31K53P41M89X47O,56
"31250,7","0,14759999670088292",59Q17B53P17G47O31K53P17G10C43N,56
"28725,84","0,14759999670088292",73U71T17B3B47O31K10C,56
"31775,55","0,14759999670088292",59Q17B101Z13F47O31K53P17G10C43N,56
"28125,45","0,14759999670088292",73U79V7D89X47O31K17B41M89X47O,56
"31131,41","0,12300000183284282",43N59Q37L41M47O31K17B10C41M37L,54
"25489,26","0,12300000183284282",37L31K47O17B47O31K79V7D10C43N,54
"14493,39","0,11070000439882278",43N59Q19H13G47O31K59Q,54
"19994,23","0,14759999670088292",89X53P13F11D47O37L47O41M101Z47O,54
"26694,04","0,14759999670088292",73U79V7D10C47O31K83W41M101Z47O,54
"25942,54","0,14759999670088292",73U37L23I13F47O31K41M,54
"31656,26","0,14759999670088292",59Q17B101Z13F47O31K47O17G10C43N,52
"29978,33","0,12300000183284282",43N53P10C5C47O31K10C,52
"31656,26","0,14759999670088292",59Q17B83W19H47O31K31K17G10C43N,52
"11146,28","0,11070000439882278",43N83W23I73U47O31K89X,50
"20932,6","0,14759999670088292",89X43N13F13F47O31K13G,50
"33810,9","0,14759999670088292",73U41M47O11E47O31K83W41M10C43N,50
"27230,82","0,14759999670088292",89X43N17G53P47O31K59Q41M89X47O,50
"25373,96","0,12300000183284282",37L43N83W43N47O31K53P,48
"22638,37","0,12300000183284282",37L59Q61R59Q47O31K59Q,48
"25660,24","0,12300000183284282",37L59Q61R71T47O31K101Z,48
"14414,88","0,11070000439882278",43N83W29J31K47O31K13H41M101Z47O,48
"29282,5","0,14759999670088292",73U41M47O19H47O31K47O41M10C43N,48
"24367,99","0,14759999670088292",89X43N13F13G47O31K10C41M89X47O,48
"32663,67","0,14759999670088292",73U71T101Z17G47O31K13G,48
"21807,36","0,14759999670088292",89X43N3B53P47O31K83W83W10C43N,48
"26479,32","0,14759999670088292",59Q10C71T5C47O31K73U41M89X47O,46
"26538,84","0,12300000183284282",43N59Q73U29J47O37L37L71T31K89X,46
"27257,85","0,12300000183284282",37L59Q61R61R47O31K79V,46
"28522,31","0,12300000183284282",43N53P10C23I47O31K10C,46
"12881,82","0,11070000439882278",43N59Q19H17B47O31K12E5C10C43N,46
"22150,41","0,12300000183284282",37L43N89X53P47O37L7D,46
"15406,61","0,11070000439882278",43N83W29J31K47O31K12E41M89X47O,46
"14162,81","0,11070000439882278",43N83W29J31K47O31K11D5C10C43N,46
"27493,24","0,14759999670088292",73U17B19H31K47O31K23I41M10C43N,46
"32085,69","0,14759999670088292",59Q37L13G17B47O31K43N17G10C43N,46
"27155,27","0,14759999670088292",59Q17B89X23I47O31K83W17G10C43N,46
"25512,62","0,14759999670088292",73U17B19H61R47O31K11D,46
"24067,77","0,12300000183284282",37L43N83W13G47O37L41M,44
"24629,75","0,12300000183284282",37L43N83W41M47O37L10C,44
"20422,75","0,12300000183284282",43N47O13F83W47O31K83W,44
"23254,67","0,14759999670088292",89X53P13F13F47O31K7D41M101Z47O,44
"31966,4","0,14759999670088292",59Q41M13F31K47O31K43N,44
"36916,7","0,14759999670088292",73U41M53P13F47O31K53P41M10C43N,44
"29123,46","0,14759999670088292",73U17B19H37L47O31K5C41M10C43N,44
"34958,13","0,14759999670088292",73U71T101Z23I47O31K13G,44
"27195,03","0,14759999670088292",59Q41M13F17B47O31K59Q,44
"25067,79","0,14759999670088292",89X31K13F71T47O37L31K83W10C43N,44
"27737,19","0,14759999670088292",59Q41M37L31K47O31K83W17G10C43N,44
"26181,11","0,14759999670088292",89X41M29J53P47O31K79V83W10C43N,44
"24670,18","0,14759999670088292",73U41M61R11E47O31K61R41M10C43N,44
"27548,91","0,14759999670088292",89X43N17G53P47O31K89X41M89X47O,42
"32741,75","0,14759999670088292",73U17B19H89X47O31K17B41M10C43N,42
"29636,38","0,14759999670088292",73U79V7D10C47O31K61R41M89X47O,42
"29540,95","0,14759999670088292",59Q37L13G13G47O31K17B41M89X47O,42
"31131,41","0,14759999670088292",59Q37L13G17B47O31K47O17G10C43N,42
"20650,41","0,12300000183284282",43N61R11E41M47O31K73U41M89X47O,40
"27751,69","0,14759999670088292",59Q10C71T5C47O31K47O41M89X47O,40
"16063,64","0,11070000439882278",43N59Q19H13G47O31K71T5C10C43N,40
"31250,7","0,12300000183284282",43N53P11D3B47O31K79V10C41M37L,40
"29348,76","0,12300000183284282",43N53P10C23I47O31K79V,40
"22596,69","0,12300000183284282",37L31K71T10C47O31K10C7D10C43N,40
"24193,04","0,14759999670088292",89X43N3B89X47O31K43N83W10C43N,40
"26360,04","0,14759999670088292",59Q41M31K71T47O31K79V17G10C43N,40
"29175,21","0,12300000183284282",37L43N83W73U47O31K17B,38
"14658,68","0,11070000439882278",43N59Q19H10C47O31K19I5C10C43N,38
"23836,36","0,12300000183284282",37L31K47O17B47O31K71T7D10C43N,38
"32682,11","0,12300000183284282",43N53P11D3B47O31K83W71T31K89X,38
"14989,26","0,11070000439882278",43N59Q19H11D47O31K83W,38
"25525,05","0,12300000183284282",43N53P17B29J47O31K13H,38
"28546,92","0,12300000183284282",43N59Q79V5C47O37L37L10C41M37L,38
"26837,18","0,12300000183284282",43N59Q31K83W47O31K79V10C41M37L,38
"31369,98","0,14759999670088292",59Q37L13G17B47O31K53P41M89X47O,38
"22125,45","0,14759999670088292",89X43N3B89X47O31K19I83W10C43N,38
"27552,88","0,14759999670088292",59Q10C71T3B47O31K73U41M89X47O,36
"12303,31","0,11070000439882278",43N83W23I73U47O31K83W5C10C43N,36
"17026,45","0,12300000183284282",37L31K71T10C47O31K83W,36
"14332,21","0,11070000439882278",43N71T7D13F47O31K53P5C10C43N,36
"27109,09","0,12300000183284282",37L43N83W71T47O31K71T,36
"18067,77","0,11070000439882278",43N31K43N13F47O37L71T,36
"20061,83","0,12300000183284282",37L31K43N59Q47O31K17B7D10C43N,36
"19183,1","0,12300000183284282",43N79V23I13F47O31K101Z13H10C43N,36
"27737,19","0,14759999670088292",59Q37L13G13F47O31K103A41M89X47O,36
"26578,73","0,14759999670088292",89X31K13F71T47O37L83W83W10C43N,36
"27672,17","0,14759999670088292",59Q41M31K61R47O31K83W41M89X47O,36
"26018,09","0,14759999670088292",73U79V7D47O47O31K37L41M10C43N,36
"32045,92","0,12300000183284282",43N53P11D3B47O31K101Z,34
"30175,21","0,12300000183284282",43N53P10C23I47O31K79V10C41M37L,34
"16365,29","0,12300000183284282",37L31K71T101Z47O31K53P,34
"24352,09","0,12300000183284282",43N61R11E53P47O31K61R41M89X47O,34
"31767,59","0,12300000183284282",43N59Q37L59Q47O31K13G10C41M37L,34
"27548,91","0,14759999670088292",89X43N17G53P47O37L71T41M89X47O,34
"25459,08","0,14759999670088292",73U17B19H43N47O31K12E41M10C43N,34
"29680,12","0,14759999670088292",73U71T89X13F47O31K101Z,34
"27552,88","0,14759999670088292",59Q41M31K61R47O31K79V41M89X47O,34
"32920,68","0,14759999670088292",59Q41M13F31K47O31K53P,34
"20379,92","0,12300000183284282",37L31K71T17B47O31K59Q,32
"30455,47","0,12300000183284282",43N53P11D3B47O31K79V,32
"21206,96","0,12300000183284282",37L59Q71T31K47O31K37L,32
"19753,72","0,12300000183284282",37L31K71T11D47O31K89X7D10C43N,32
"28026,45","0,12300000183284282",43N53P11D7D47O37L37L,32
"29385,88","0,14759999670088292",73U17B19H53P47O31K103A41M10C43N,32
"32682,11","0,14759999670088292",73U43N7D13G47O31K59Q41M89X47O,32
29700,"0,14759999670088292",59Q41M13G53P47O31K17B,32
"29819,28","0,14759999670088292",59Q17B89X23I47O31K73U17G10C43N,32
"25290,46","0,14759999670088292",73U43N7D83W47O31K41M41M10C43N,32
"31847,12","0,14759999670088292",73U41M19H10C47O31K71T41M89X47O,32
"26662,81","0,14759999670088292",59Q41M37L31K47O31K73U41M89X47O,32
"34728,68","0,14759999670088292",73U41M47O11E47O31K61R41M10C43N,32
"29348,76","0,14759999670088292",59Q17B89X17G47O31K53P17G10C43N,32
"24972,37","0,14759999670088292",73U43N7D83W47O31K41M,32
"12716,53","0,11070000439882278",43N83W29J31K47O31K17B5C10C43N,30
"15210,93","0,11070000439882278",43N71T7D13F47O31K59Q41M101Z47O,30
"26479,32","0,14759999670088292",59Q53P79V53P47O31K43N,30
"29441,55","0,14759999670088292",73U71T17B3B47O31K13G,30
"36383,9","0,14759999670088292",73U17B23I31K47O31K83W41M10C43N,30
"29823,26","0,14759999670088292",73U37L23I13G47O31K10C41M10C43N,30
"19290,91","0,12300000183284282",37L31K71T10C47O31K17B,28
"27632,41","0,14759999670088292",59Q10C71T5C47O31K47O17G10C43N,28
"14576,03","0,11070000439882278",43N83W29J31K47O31K13H5C10C43N,28
"15076,03","0,11070000439882278",43N83W29J31K47O31K12E41M101Z47O,28
"25009,92","0,14759999670088292",59Q17B101Z3B47O31K47O17G10C43N,28
"27406,61","0,14759999670088292",59Q41M13F43N47O31K101Z,28
"34292,45","0,14759999670088292",73U41M53P13F47O31K61R41M10C43N,28
"33397,81","0,14759999670088292",59Q41M31K43N47O31K43N41M89X47O,28
"32443,54","0,14759999670088292",59Q41M31K43N47O31K47O41M89X47O,28
"27433,6","0,14759999670088292",59Q41M31K61R47O31K79V17G10C43N,28
"23095,63","0,14759999670088292",89X43N13F13G47O31K79V41M101Z47O,28
"29024,06","0,14759999670088292",59Q41M31K71T47O31K59Q17G10C43N,28
"21571,9","0,12300000183284282",37L31K37L43N47O31K59Q7D10C43N,26
"27751,69","0,12300000183284282",43N59Q79V5C47O37L31K10C41M37L,26
"26320,28","0,12300000183284282",43N53P17B29J47O31K12E,26
"27365,29","0,12300000183284282",43N59Q73U29J47O37L41M10C41M37L,26
"33358,05","0,12300000183284282",43N59Q37L59Q47O31K12E10C41M37L,26
"29514,05","0,12300000183284282",43N53P10C11E47O31K10C10C41M37L,26
"31111,53","0,14759999670088292",73U17B19H83W47O31K13G41M10C43N,26
"29302,39","0,14759999670088292",59Q41M13F17B47O31K61R,26
"34113,52","0,14759999670088292",59Q41M13G73U47O31K43N,26
"29222,86","0,14759999670088292",59Q41M13F101Z47O31K103A,26
"28006,16","0,14759999670088292",73U79V7D89X47O31K103A41M89X47O,26
"31807,36","0,14759999670088292",59Q41M37L41M47O31K43N41M89X47O,26
"29143,34","0,14759999670088292",59Q41M31K71T47O31K59Q41M89X47O,26
"29540,95","0,14759999670088292",59Q41M37L37L47O31K101Z41M89X47O,26
"28174,19","0,14759999670088292",73U17B19H73U47O31K13H41M10C43N,26
"21902,78","0,12300000183284282",37L43N83W13G47O41M10C,24
"23580,72","0,12300000183284282",43N61R3B31K47O31K59Q13H10C43N,24
"14729,82","0,11070000439882278",43N71T7D13F47O31K71T5C10C43N,24
"14745,45","0,11070000439882278",43N83W29J31K47O31K13H41M89X47O,24
"27886,88","0,12300000183284282",37L59Q61R71T47O31K83W,24
"26133,88","0,12300000183284282",37L43N83W73U47O31K12E,24
"26455,47","0,12300000183284282",37L59Q61R71T47O31K89X,24
"26001,65","0,12300000183284282",43N59Q37L31K47O31K11D10C41M10C,24
"29348,76","0,12300000183284282",43N53P10C23I47O31K10C10C41M37L,24
"28467,4","0,14759999670088292",59Q41M13F17B47O31K73U,24
"21886,88","0,14759999670088292",89X43N3B59Q47O31K79V83W10C43N,24
"28480,99","0,14759999670088292",59Q41M13F43N47O31K17B,24
"34040,34","0,14759999670088292",73U71T101Z23I47O31K11D,24
"26761,63","0,14759999670088292",73U37L23I13G47O31K41M,24
"31966,4","0,14759999670088292",59Q41M13G61R47O31K43N,24
"30063,29","0,14759999670088292",73U71T17B5C47O31K101Z,24
"32606,56","0,14759999670088292",73U17B19H10C47O31K73U41M10C43N,24
"33397,81","0,14759999670088292",59Q17B53P11E47O31K43N41M89X47O,24
"30853,08","0,14759999670088292",59Q41M37L41M47O31K47O41M89X47O,24
"28268,59","0,14759999670088292",59Q41M37L37L47O31K89X41M89X47O,24
"21807,36","0,14759999670088292",89X31K3B101Z47O31K89X83W10C43N,24
"22332,23","0,12300000183284282",37L43N83W89X47O31K37L,22
"21737,19","0,12300000183284282",37L43N83W89X47O31K31K,22
"21542,98","0,12300000183284282",43N61R2A11D47O31K79V13H10C43N,22
"26320,28","0,12300000183284282",43N59Q79V11E47O31K19I10C41M37L,22
"29978,33","0,12300000183284282",43N53P11D13F47O31K23I,22
"28546,92","0,12300000183284282",43N59Q79V17G47O31K3B10C41M37L,22
"17109,09","0,12300000183284282",37L31K71T101Z47O31K59Q7D10C43N,22
"30175,21","0,12300000183284282",43N53P10C23I47O31K79V71T31K89X,22
"22837,18","0,14759999670088292",73U79V7D47O47O31K31K41M101Z47O,22
"27771,57","0,14759999670088292",73U41M61R11E47O31K19I41M10C43N,22
"25009,92","0,14759999670088292",59Q17B83W7D47O31K37L17G10C43N,22
"27751,69","0,14759999670088292",59Q53P79V53P47O31K47O,22
"27354,08","0,14759999670088292",59Q53P79V11D47O31K61R,22
"22264,61","0,14759999670088292",59Q17B83W29J47O31K47O17G10C43N,22
"21107,55","0,14759999670088292",89X43N13F13F47O31K13G41M101Z47O,22
"30751,63","0,14759999670088292",73U71T17B5C47O31K13G,22
"28467,4","0,14759999670088292",59Q41M11D83W47O31K73U,22
"30483,94","0,14759999670088292",89X53P29J79V47O31K43N83W10C43N,22
"28852,89","0,12300000183284282",43N53P11D7D47O31K23I,20
"19075,75","0,12300000183284282",37L31K71T17B47O31K101Z,20
"27530,58","0,12300000183284282",43N53P11D7D47O31K19H10C41M37L,20
"27365,29","0,12300000183284282",43N59Q37L31K47O37L23I10C41M37L,20
"22563,64","0,12300000183284282",37L43N83W71T47O37L101Z,20
"23672,17","0,12300000183284282",37L59Q61R59Q47O31K73U,20
"12468,6","0,11070000439882278",43N83W23I73U47O31K13G,20
"23855,07","0,14759999670088292",59Q10C71T3B47O31K53P41M89X47O,20
"23735,79","0,14759999670088292",59Q10C71T3B47O31K53P17G10C43N,20
"22538,97","0,14759999670088292",89X43N13F13F47O31K12E41M89X47O,20
"28839,58","0,14759999670088292",73U71T17B5C47O31K71T,20
"31898,85","0,14759999670088292",73U71T101Z17G47O31K10C,20
"28670,18","0,14759999670088292",73U17B19H101Z47O31K101Z41M10C43N,20
"29222,86","0,14759999670088292",59Q41M11D79V47O31K83W,20
"28741,75","0,14759999670088292",89X43N17G53P47O37L89X41M89X47O,20
"21171,17","0,14759999670088292",89X43N3B53P47O31K73U83W10C43N,20
"28169,18","0,14759999670088292",73U71T101Z5C47O31K12E,20
"36028,87","0,14759999670088292",73U71T10C11E47O31K10C,20
"32085,69","0,14759999670088292",73U79V7D11D47O31K53P41M89X47O,20
"21241,32","0,12300000183284282",37L31K37L43N47O31K59Q,18
"30836,36","0,12300000183284282",43N53P10C23I47O31K83W,18
"14574,75","0,11070000439882278",43N71T7D13F47O31K71T41M101Z47O,18
"18224,85","0,12300000183284282",43N47O13F89X47O37L71T,18
"18927,27","0,12300000183284282",37L31K43N79V47O31K83W7D10C43N,18
"30773,56","0,12300000183284282",43N59Q79V17G47O31K13H71T31K89X,18
"29143,34","0,14759999670088292",59Q10C71T5C47O31K53P41M89X47O,18
"24391,85","0,12300000183284282",43N79V29J37L47O31K59Q41M89X47O,18
"29540,95","0,12300000183284282",43N59Q37L47O47O31K101Z10C41M37L,18
"24069,78","0,12300000183284282",37L59Q59Q13F47O37L47O,18
"28745,73","0,12300000183284282",43N59Q37L47O47O37L83W10C41M37L,18
"27234,79","0,14759999670088292",59Q37L13G13G47O31K89X41M89X47O,18
"31250,7","0,14759999670088292",59Q37L13G17B47O31K53P17G10C43N,18
"29743,74","0,14759999670088292",73U17B19H53P47O31K17B41M10C43N,18
"30505,79","0,14759999670088292",59Q37L13G13F47O31K17B41M89X47O,18
"23735,79","0,14759999670088292",59Q41M31K61R47O31K59Q17G10C43N,18
"25153,15","0,14759999670088292",73U17B19H43N47O31K12E,18
"31669,41","0,14759999670088292",73U41M47O5C47O31K73U41M10C43N,18
"20853,08","0,14759999670088292",89X43N3B53P47O31K73U,18
"20312,33","0,14759999670088292",89X53P13F11D47O37L47O41M89X47O,18
"27831,21","0,14759999670088292",73U79V7D101Z47O31K101Z41M89X47O,18
"28936,58","0,12300000183284282",37L43N89X71T47O31K13H,16
"21290,46","0,12300000183284282",43N83W13F41M47O31K41M41M89X47O,16
"18596,69","0,12300000183284282",37L31K43N79V47O31K83W,16
"22189,07","0,12300000183284282",43N61R2A17B47O31K73U13H10C43N,16
"20972,37","0,12300000183284282",43N79V23I13G47O31K59Q13H10C43N,16
"28431,4","0,12300000183284282",37L43N89X61R47O31K101Z,16
"20097,61","0,12300000183284282",43N83W13F41M47O31K37L13H10C43N,16
"22070,94","0,12300000183284282",43N79V29J31K47O31K53P41M89X47O,16
"17439,67","0,12300000183284282",37L31K43N61R47O31K89X,16
"21518,18","0,12300000183284282",43N61R11E41M47O31K79V41M89X47O,16
"19935,54","0,12300000183284282",37L43N83W41M47O31K31K,16
"11724,79","0,11070000439882278",43N59Q19H10C47O31K5C,16
"20828,43","0,12300000183284282",37L43N83W13G47O41M101Z,16
"19898,81","0,14759999670088292",89X43N3B53P47O31K79V83W10C43N,16
"33159,24","0,14759999670088292",59Q41M13F71T47O31K47O,16
"29938,57","0,14759999670088292",59Q17B89X23I47O31K79V17G10C43N,16
"34113,52","0,14759999670088292",59Q41M13F71T47O31K43N,16
"32483,3","0,14759999670088292",73U41M19H10C47O31K79V41M89X47O,16
"36041,95","0,14759999670088292",73U17B23I37L47O31K47O41M10C43N,16
"27552,88","0,14759999670088292",59Q41M31K61R47O31K83W17G10C43N,16
"22698,01","0,14759999670088292",89X53P13F11D47O37L41M41M89X47O,16
"28149,3","0,14759999670088292",59Q37L13G13G47O31K103A17G10C43N,16
"30932,6","0,14759999670088292",59Q37L13G13G47O31K10C41M89X47O,16
"30109,09","0,14759999670088292",59Q17B83W11E47O31K41M17G10C43N,16
"32065,81","0,14759999670088292",73U41M53P7D47O31K61R41M10C43N,16
"29024,06","0,14759999670088292",73U79V7D101Z47O31K83W41M89X47O,16
"31135,39","0,14759999670088292",73U17B19H13F47O31K61R41M10C43N,16
"29982,31","0,14759999670088292",73U17B19H10C47O31K17B,16
"30976,34","0,14759999670088292",73U17B19H101Z47O31K79V41M10C43N,16
"28387,87","0,14759999670088292",59Q41M13F101Z47O31K73U,16
"32936,58","0,14759999670088292",59Q17B17B11E47O31K47O17G10C43N,16
"30505,79","0,14759999670088292",59Q41M37L31K47O31K89X41M89X47O,16
"29839,17","0,14759999670088292",73U71T89X13F47O31K89X,16
"24626,44","0,12300000183284282",37L59Q61R71T47O31K73U,14
"29660,24","0,12300000183284282",43N53P11D3B47O31K10C,14
"32841,15","0,12300000183284282",43N53P11D3B47O31K101Z71T31K89X,14
"28284,49","0,12300000183284282",37L59Q61R31K47O31K12E,14
"23489,26","0,12300000183284282",37L43N83W71T47O31K10C,14
"26853,08","0,12300000183284282",37L59Q61R31K47O31K3B,14
"27075,75","0,12300000183284282",43N59Q31K89X47O41M61R10C41M37L,14
"14245,45","0,11070000439882278",43N83W29J31K47O31K13H,14
"28546,92","0,12300000183284282",43N53P10C5C47O31K3B,14
"29183,1","0,12300000183284282",43N53P10C5C47O31K12E,14
"25898,81","0,12300000183284282",37L59Q61R59Q47O31K61R,14
"12964,46","0,11070000439882278",43N83W23I73U47O31K13H5C10C43N,14
"33542,98","0,09839999780058861",43N89X11E71T47O31K73U83W7D2A,14
"31413,72","0,14759999670088292",73U17B19H53P47O31K89X41M10C43N,14
"33963,86","0,14759999670088292",73U41M47O11E47O31K73U41M10C43N,14
"30813,32","0,14759999670088292",59Q41M13F17B47O31K83W,14
"29143,34","0,14759999670088292",59Q41M31K71T47O31K61R17G10C43N,14
"23159,24","0,14759999670088292",89X41M29J37L47O31K12E83W10C43N,14
"32383,9","0,14759999670088292",73U41M43N29J47O31K71T41M10C43N,14
"28944,53","0,14759999670088292",59Q53P79V13F47O31K83W,14
"34690,06","0,14759999670088292",73U41M53P7D47O31K53P41M10C43N,14
"32383,9","0,14759999670088292",73U41M47O19H47O31K101Z41M10C43N,14
"29472,73","0,14759999670088292",59Q17B89X17G47O31K43N17G10C43N,14
"25445,53","0,14759999670088292",59Q10C71T5C47O31K61R41M89X47O,12
"28984,29","0,12300000183284282",43N59Q37L41M47O37L13F10C41M37L,12
"27274,38","0,12300000183284282",37L43N89X61R47O31K10C,12
"20861,16","0,12300000183284282",37L31K43N79V47O31K17B,12
"21191,74","0,12300000183284282",37L31K43N79V47O31K17B7D10C43N,12
"21807,36","0,12300000183284282",43N79V23I13G47O31K61R13H10C43N,12
"26018,18","0,12300000183284282",37L59Q59Q13G47O37L79V,12
"19540,95","0,12300000183284282",43N79V23I13F47O31K83W13H10C43N,12
"20828,1","0,12300000183284282",37L31K47O17B47O31K37L,12
"21158,68","0,12300000183284282",37L31K47O17B47O31K37L7D10C43N,12
"25119,48","0,12300000183284282",37L43N89X31K47O41M19I,12
"14892,84","0,11070000439882278",43N71T7D13F47O31K71T41M89X47O,12
"24085,69","0,12300000183284282",37L43N83W43N47O37L3B,12
"11228,93","0,11070000439882278",43N41M7D83W47O31K11D,12
"25158,68","0,12300000183284282",37L31K47O17B47O31K79V,12
"16778,51","0,12300000183284282",37L31K71T101Z47O31K59Q,12
"22745,73","0,12300000183284282",43N61R3B31K47O31K53P13H10C43N,12
"22547,11","0,12300000183284282",37L59Q61R61R47O31K71T,12
"19009,92","0,12300000183284282",37L31K71T11D47O31K79V,12
"28045,92","0,12300000183284282",37L59Q61R71T47O31K79V,12
"33397,81","0,14759999670088292",59Q17B53P11E47O31K43N17G10C43N,12
"33055,86","0,14759999670088292",59Q17B17B11E47O31K53P17G10C43N,12
"36996,22","0,14759999670088292",73U17B23I37L47O31K53P41M10C43N,12
"32801,39","0,14759999670088292",73U43N7D13G47O31K47O41M89X47O,12
"23175,15","0,14759999670088292",89X43N13F13F47O31K13F41M89X47O,12
"28268,59","0,14759999670088292",59Q41M11D79V47O31K53P,12
"24550,89","0,14759999670088292",73U17B19H83W47O31K11D41M10C43N,12
"25604,57","0,14759999670088292",59Q41M13F17B47O31K47O,12
"24765,61","0,14759999670088292",89X43N13F13G47O31K101Z41M89X47O,12
"31745,89","0,14759999670088292",73U71T101Z17G47O31K11D,12
"27677,06","0,14759999670088292",73U17B19H43N47O31K79V41M10C43N,12
"30654,27","0,14759999670088292",73U79V7D11D47O31K47O41M89X47O,12
"23413,72","0,14759999670088292",89X43N13F13G47O31K79V41M89X47O,12
"31373,55","0,14759999670088292",59Q41M13F43N47O31K11D,12
"29819,28","0,14759999670088292",59Q17B83W5C47O31K43N17G10C43N,12
"21568,79","0,14759999670088292",89X43N3B59Q47O31K79V,12
"24387,87","0,14759999670088292",73U79V7D37L47O31K83W41M10C43N,12
"33123,46","0,14759999670088292",73U17B23I31K47O31K101Z41M10C43N,12
"25465,41","0,14759999670088292",89X43N3B101Z47O31K13G83W10C43N,12
"30353,92","0,14759999670088292",73U17B19H73U47O31K12E41M10C43N,12
"31001,65","0,12300000183284282",43N53P10C23I47O31K101Z,10
"18373,55","0,12300000183284282",43N37L5C13G47O31K59Q,10
"31662,81","0,12300000183284282",43N53P10C23I47O31K83W71T31K89X,10
"18280,52","0,12300000183284282",37L31K43N59Q47O31K89X7D10C43N,10
"22638,37","0,12300000183284282",37L59Q71T43N47O31K47O,10
"24976,86","0,12300000183284282",37L43N89X59Q47O31K23I,10
"26057,85","0,12300000183284282",37L59Q61R31K47O31K5C,10
"28546,92","0,12300000183284282",43N53P11D13F47O31K19H,10
"19671,37","0,12300000183284282",37L43N83W13G47O41M83W,10
"29183,1","0,12300000183284282",43N53P11D13F47O37L37L,10
"22920,68","0,12300000183284282",43N61R11E47O47O31K41M41M89X47O,10
"27672,17","0,14759999670088292",59Q10C71T3B47O31K79V41M89X47O,10
"23942,54","0,12300000183284282",37L43N83W43N47O31K59Q,10
"31250,7","0,12300000183284282",43N53P11D3B47O31K13G,10
"23199,01","0,12300000183284282",43N79V29J37L47O31K53P13H10C43N,10
"28352,09","0,14759999670088292",73U17B19H101Z47O31K101Z,10
"23393,84","0,14759999670088292",73U79V7D89X47O31K83W41M101Z47O,10
"30629,75","0,14759999670088292",59Q41M37L31K47O31K101Z41M89X47O,10
"29262,62","0,14759999670088292",59Q41M31K71T47O31K61R41M89X47O,10
"31493,24","0,14759999670088292",73U17B19H13F47O31K71T41M10C43N,10
"19835,19","0,14759999670088292",89X43N13F13F47O31K13H41M101Z47O,10
"30713,92","0,14759999670088292",73U41M43N29J47O31K61R41M10C43N,10
"30522,18","0,14759999670088292",73U17B19H61R47O31K101Z41M10C43N,10
"24113,52","0,14759999670088292",89X43N3B101Z47O31K11E83W10C43N,10
"33278,53","0,14759999670088292",59Q41M13G73U47O31K53P,10
"30853,08","0,14759999670088292",73U41M19H17B47O31K71T41M89X47O,10
"31568,79","0,14759999670088292",59Q41M13G61R47O31K47O,10
"27406,61","0,14759999670088292",59Q41M13G47O47O31K83W,10
"31529,03","0,14759999670088292",59Q41M13G43N47O31K47O,10
"27195,03","0,14759999670088292",59Q41M11D83W47O31K59Q,10
"24014,12","0,14759999670088292",59Q41M11D79V47O31K71T,10
"32562,82","0,14759999670088292",59Q17B53P11E47O31K53P17G10C43N,10
"29978,33","0,14759999670088292",59Q41M13F17B47O31K71T,10
"33504,97","0,14759999670088292",73U71T10C11E47O31K83W,10
"18704,13","0,12300000183284282",43N37L5C13G47O31K59Q13H10C43N,8
"18348,76","0,12300000183284282",37L31K43N61R47O31K103A,8
"19405,77","0,12300000183284282",43N43N5C61R47O31K61R13H10C43N,8
"27346,12","0,12300000183284282",37L43N89X71T47O31K17B,8
"12633,88","0,11070000439882278",43N83W23I73U47O31K13H,8
"12799,17","0,11070000439882278",43N83W23I73U47O31K13G5C10C43N,8
"23035,98","0,12300000183284282",37L59Q59Q13F47O37L37L,8
"22240,76","0,12300000183284282",37L59Q71T31K47O31K47O,8
"23035,98","0,12300000183284282",37L59Q71T31K47O31K43N,8
"27433,6","0,14759999670088292",59Q10C71T3B47O31K73U17G10C43N,8
"17191,74","0,12300000183284282",37L31K43N47O47O31K53P,8
"24865,01","0,12300000183284282",37L59Q59Q13F47O37L43N,8
"19704,13","0,12300000183284282",37L31K43N61R47O31K79V,8
"29350,1","0,12300000183284282",37L43N89X71T47O31K101Z,8
"26538,97","0,12300000183284282",43N59Q73U29J47O37L37L10C41M37L,8
"27861,43","0,12300000183284282",43N53P10C11E47O31K101Z10C41M37L,8
"26869,78","0,12300000183284282",43N53P10C11E47O31K5C,8
"29679,34","0,12300000183284282",43N59Q37L31K47O31K12E10C41M37L,8
"18150,41","0,11070000439882278",43N61R83W19H47O37L17B,8
"26916,7","0,12300000183284282",43N53P11D13F47O31K13F10C41M10C,8
"28191,74","0,12300000183284282",43N59Q37L31K47O31K10C10C41M37L,8
"22729,03","0,12300000183284282",37L43N83W13G47O41M12E,8
"25517,1","0,12300000183284282",37L43N83W43N47O37L19I,8
"15402,48","0,11070000439882278",43N59Q19H13G47O31K61R5C10C43N,8
"32841,15","0,12300000183284282",43N53P11D3B47O31K101Z10C41M37L,8
"22785,49","0,12300000183284282",43N61R2A10C47O31K61R13H10C43N,8
"26538,97","0,12300000183284282",43N53P11D7D47O37L31K,8
"24831,01","0,12300000183284282",43N53P17B29J47O31K10C,8
"32443,54","0,14759999670088292",59Q17B53P11E47O31K47O41M89X47O,8
"18387,87","0,14759999670088292",89X31K3B101Z47O31K31K,8
"21171,17","0,14759999670088292",89X31K3B101Z47O31K37L83W10C43N,8
"24570,78","0,14759999670088292",59Q41M13F101Z47O31K83W,8
"28725,84","0,14759999670088292",73U41M61R11E47O31K73U41M10C43N,8
"21425,65","0,14759999670088292",89X43N13F13F47O31K13G41M89X47O,8
"25326,24","0,14759999670088292",59Q41M31K71T47O31K71T17G10C43N,8
"20153,28","0,14759999670088292",89X43N13F13F47O31K13H41M89X47O,8
"34308,03","0,14759999670088292",73U71T101Z17G47O31K19I13F97Y47O,8
"31249,59","0,14759999670088292",59Q41M13F43N47O31K10C,8
"33759,64","0,14759999670088292",73U17B23I31K47O31K89X41M10C43N,8
"27386,42","0,14759999670088292",73U17B19H61R47O31K103A41M10C43N,8
"27930,62","0,14759999670088292",73U41M61R11E47O31K3B41M10C43N,8
"27868,26","0,14759999670088292",73U17B19H73U47O31K13H,8
"34550,89","0,14759999670088292",59Q41M31K47O47O31K47O41M89X47O,8
"23795,43","0,14759999670088292",89X43N3B101Z47O31K11E,8
"33159,24","0,14759999670088292",59Q41M13G73U47O31K47O,8
"28984,29","0,14759999670088292",59Q41M13G53P47O31K89X,8
"31898,85","0,14759999670088292",73U71T17B29J47O31K12E,8
"31249,59","0,14759999670088292",59Q41M13G47O47O31K103A,8
"19580,72","0,14759999670088292",89X43N3B53P47O31K79V,8
"22841,15","0,14759999670088292",89X43N3B59Q47O31K61R,8
"28596,69","0,12300000183284282",37L43N89X61R47O31K3B,6
"17770,25","0,12300000183284282",37L31K43N61R47O31K89X7D10C43N,6
"21571,9","0,12300000183284282",43N79V23I13F47O31K71T13H10C43N,6
"27505,79","0,12300000183284282",37L59Q59Q13G47O37L61R,6
"31828,1","0,12300000183284282",43N53P10C23I47O31K101Z71T31K89X,6
"24480,99","0,12300000183284282",37L43N83W41M47O31K47O,6
"29348,76","0,12300000183284282",43N53P10C23I47O31K10C71T31K89X,6
"27115,51","0,12300000183284282",43N59Q79V11E47O31K3B10C41M37L,6
"17882,9","0,12300000183284282",37L31K43N59Q47O31K83W7D10C43N,6
"15071,9","0,11070000439882278",43N71T7D11D47O31K73U,6
"24069,78","0,12300000183284282",37L59Q71T43N47O31K43N,6
"20093,64","0,12300000183284282",37L59Q71T31K47O31K31K,6
"16778,51","0,12300000183284282",37L31K43N47O47O31K47O,6
"24467,4","0,12300000183284282",37L59Q61R59Q47O31K71T,6
"25409,74","0,14759999670088292",73U37L23I13G47O31K31K41M10C43N,6
"31210,93","0,14759999670088292",59Q41M13F47O47O31K11D,6
"25226,84","0,14759999670088292",73U17B19H83W47O31K11D,6
"32443,54","0,14759999670088292",59Q41M31K43N47O31K47O17G10C43N,6
"31648,31","0,14759999670088292",59Q41M13F47O47O31K10C,6
"30455,47","0,14759999670088292",73U79V7D101Z47O31K61R41M89X47O,6
"32816,63","0,14759999670088292",73U71T17B29J47O31K103A,6
"29742,07","0,14759999670088292",73U17B19H73U47O31K13G41M10C43N,6
"25560,83","0,14759999670088292",89X43N13F13G47O31K11D41M89X47O,6
"31012,13","0,14759999670088292",59Q41M13F59Q47O31K47O,6
"32721,87","0,14759999670088292",59Q41M13F71T47O31K53P,6
"34193,31","0,14759999670088292",73U71T101Z23I47O31K10C,6
"28387,87","0,14759999670088292",59Q41M11D79V47O31K59Q,6
"27950,5","0,14759999670088292",59Q41M13G53P47O31K79V,6
"31767,59","0,14759999670088292",59Q41M13G53P47O31K103A,6
"31091,65","0,14759999670088292",59Q41M13G53P47O31K101Z,6
"30813,32","0,14759999670088292",59Q41M11D83W47O31K79V,6
"29978,33","0,14759999670088292",59Q41M11D83W47O31K71T,6
"34709,94","0,14759999670088292",59Q41M13F89X47O31K47O,6
"30216,9","0,14759999670088292",73U41M19H17B47O31K73U41M89X47O,6
"32759,27","0,14759999670088292",59Q53P83W73U47O31K79V,6
"30932,6","0,14759999670088292",59Q41M37L37L47O31K103A41M89X47O,6
"25465,41","0,14759999670088292",89X31K13F71T47O37L47O83W10C43N,6
"26081,71","0,14759999670088292",59Q53P79V11D47O31K59Q,6
"30972,37","0,12300000183284282",43N59Q37L47O47O31K17B10C41M37L,4
"22960,33","0,12300000183284282",37L59Q59Q13G47O37L53P,4
"29262,62","0,14759999670088292",59Q10C71T5C47O31K59Q41M89X47O,4
"26757,65","0,12300000183284282",43N59Q37L31K47O41M31K10C41M37L,4
"27671,07","0,12300000183284282",37L59Q59Q13G47O37L71T,4
"28546,92","0,12300000183284282",43N59Q79V11E47O31K13G10C41M37L,4
"28443,54","0,12300000183284282",37L59Q61R31K47O31K13H,4
"14989,26","0,11070000439882278",43N59Q19H10C47O31K3B,4
"20332,23","0,12300000183284282",37L31K37L43N47O31K41M,4
"13377,69","0,11070000439882278",43N59Q19H10C47O31K17G17B47O31K,4
"26956,46","0,12300000183284282",43N53P17B29J47O31K19I,4
"20014,05","0,12300000183284282",43N61R2A83W47O31K101Z13H10C43N,4
"28705,96","0,12300000183284282",43N53P11D13F47O31K19H10C41M37L,4
"14906,61","0,11070000439882278",43N83W29J31K47O31K12E,4
"14014,12","0,11070000439882278",43N71T7D13F47O31K53P,4
"28522,31","0,12300000183284282",43N53P10C11E47O31K13F,4
"23155,27","0,12300000183284282",43N47O13F89X47O37L103A13H97Y47O,4
"26282,9","0,12300000183284282",37L43N89X59Q47O37L71T,4
"19338,17","0,12300000183284282",43N47O13F89X47O31K59Q,4
"20923,71","0,12300000183284282",43N79V29J31K47O31K47O13H10C43N,4
"29755,67","0,14759999670088292",73U79V7D10C47O31K71T41M89X47O,4
"26662,81","0,14759999670088292",59Q37L13G13F47O31K89X41M89X47O,4
"30300,4","0,14759999670088292",73U17B19H10C47O31K17B41M10C43N,4
"23580,17","0,14759999670088292",59Q17B83W7D47O31K43N17G10C43N,4
"31841,49","0,14759999670088292",59Q53P83W73U47O31K73U,4
"25604,57","0,14759999670088292",59Q41M11D83W47O31K47O,4
"27513,12","0,14759999670088292",73U79V7D101Z47O31K101Z41M101Z47O,4
"20853,08","0,14759999670088292",89X31K3B101Z47O31K37L,4
"29859,05","0,14759999670088292",59Q41M11D83W47O31K61R,4
"28268,59","0,14759999670088292",59Q41M13F101Z47O31K71T,4
"34670,18","0,14759999670088292",59Q41M31K47O47O31K53P41M89X47O,4
"32562,82","0,14759999670088292",59Q41M31K43N47O31K53P17G10C43N,4
"28984,29","0,14759999670088292",59Q41M13F47O47O31K17B,4
"30395,83","0,14759999670088292",73U71T17B3B47O31K101Z,4
"27012,13","0,12300000183284282",37L59Q61R73U47O31K61R,2
"27910,74","0,12300000183284282",43N53P11D13F47O37L31K10C41M37L,2
"12468,6","0,11070000439882278",43N59Q19H17B47O31K11D5C10C43N,2
"24467,4","0,12300000183284282",37L59Q71T31K47O31K41M,2
"30137,38","0,12300000183284282",43N53P11D13F47O31K23I10C41M37L,2
"24849,11","0,12300000183284282",43N59Q31K83W47O41M79V10C41M37L,2
"20274,38","0,11070000439882278",43N31K43N13F47O37L10C97Y97Y47O,2
"16695,87","0,12300000183284282",37L31K71T101Z47O31K53P7D10C43N,2
"27552,88","0,14759999670088292",59Q10C71T3B47O31K79V17G10C43N,2
"15047,91","0,11070000439882278",43N71T7D13F47O31K59Q,2
15366,"0,11070000439882278",43N71T7D13F47O31K59Q5C10C43N,2
"22514,05","0,12300000183284282",37L31K43N79V47O31K10C7D10C43N,2
"27672,17","0,14759999670088292",59Q53P79V13F47O31K79V,2
"32988,72","0,14759999670088292",59Q53P79V101Z47O31K103A,2
"23711,93","0,14759999670088292",73U79V7D89X47O31K83W41M89X47O,2
"30813,32","0,14759999670088292",59Q41M37L37L47O31K103A17G10C43N,2
"24679,34","0,14759999670088292",59Q17B101Z3B47O31K47O,2
"32562,82","0,14759999670088292",59Q17B53P11E47O31K53P41M89X47O,2
"27970,38","0,14759999670088292",73U17B19H89X47O31K13H,2
"32085,47","0,14759999670088292",59Q41M13F31K47O31K47O,2
"27950,5","0,14759999670088292",59Q41M13F47O47O31K101Z,2
"27552,88","0,14759999670088292",73U79V7D89X47O31K101Z41M89X47O,2
"34753,68","0,14759999670088292",73U17B19H13F47O31K59Q41M10C43N,2
"28487,28","0,14759999670088292",73U41M61R13F47O31K73U41M10C43N,2
"30853,08","0,14759999670088292",59Q17B53P5C47O31K47O41M89X47O,2
"34411,73","0,14759999670088292",73U17B19H13G47O31K53P41M10C43N,2
"26574,75","0,14759999670088292",73U79V7D89X47O31K101Z41M10C43N,2
"32701,91","0,14759999670088292",73U17B19H79V47O31K79V41M10C43N,2
"30233,06","0,14759999670088292",59Q17B83W11E47O31K31K17G10C43N,2
"29540,95","0,14759999670088292",59Q37L13G13G47O31K17B17G10C43N,2
"34550,9","0,14759999670088292",59Q41M31K47O47O31K53P17G10C43N,2
"32562,82","0,14759999670088292",59Q41M31K43N47O31K53P41M89X47O,2
29700,"0,14759999670088292",59Q41M13F47O47O31K12E,2
"26837,18","0,14759999670088292",59Q17B83W5C47O31K73U,2
"26837,18","0,14759999670088292",59Q17B89X23I47O31K83W,2
"34829,22","0,14759999670088292",59Q41M13F89X47O31K53P,2
